2026-05-16 12:21:44 [Test worker] WARN  o.s.b.t.j.DuplicateJsonObjectContextCustomizerFactory$DuplicateJsonObjectContextCustomizer - 

Found multiple occurrences of org.json.JSONObject on the class path:

	jar:file:/C:/Users/Manjunath/.gradle/caches/modules-2/files-2.1/org.json/json/20180130/26ba2ec0e791a32ea5dfbedfcebf36447ee5b12c/json-20180130.jar!/org/json/JSONObject.class
	jar:file:/C:/Users/Manjunath/.gradle/caches/modules-2/files-2.1/com.vaadin.external.google/android-json/0.0.20131108.vaadin1/fa26d351fe62a6a17f5cda1287c1c6110dec413f/android-json-0.0.20131108.vaadin1.jar!/org/json/JSONObject.class

You may wish to exclude one of them to ensure predictable runtime behavior

2026-05-16 12:21:44 [Test worker] INFO  c.p.d.DrockleyApplicationTests - Starting DrockleyApplicationTests using Java 25.0.2 with PID 14400 (started by Manjunath in C:\Users\Manjunath\OneDrive\Desktop\drockley)
2026-05-16 12:21:44 [Test worker] DEBUG c.p.d.DrockleyApplicationTests - Running with Spring Boot v4.0.6, Spring v7.0.7
2026-05-16 12:21:44 [Test worker] INFO  c.p.d.DrockleyApplicationTests - No active profile set, falling back to 1 default profile: "default"
2026-05-16 12:21:44 [Test worker] DEBUG o.s.w.c.s.GenericWebApplicationContext - Refreshing org.springframework.web.context.support.GenericWebApplicationContext@26d41711
2026-05-16 12:21:49 [Test worker] INFO  o.s.d.r.c.RepositoryConfigurationDelegate - Bootstrapping Spring Data JPA repositories in DEFAULT mode.
2026-05-16 12:21:49 [Test worker] INFO  o.s.d.r.c.RepositoryConfigurationDelegate - Finished Spring Data repository scanning in 490 ms. Found 8 JPA repository interfaces.
2026-05-16 12:21:52 [Test worker] INFO  org.hibernate.orm.jpa - HHH008540: Processing PersistenceUnitInfo [name: default]
2026-05-16 12:21:52 [Test worker] INFO  org.hibernate.orm.core - HHH000001: Hibernate ORM core version 7.2.12.Final
2026-05-16 12:21:55 [Test worker] INFO  o.s.o.j.p.SpringPersistenceUnitInfo - No LoadTimeWeaver setup: ignoring JPA class transformer
2026-05-16 12:21:55 [Test worker] INFO  com.zaxxer.hikari.HikariDataSource - HikariPool-1 - Starting...
2026-05-16 12:21:56 [Test worker] WARN  org.hibernate.orm.jdbc.error - HHH000247: ErrorCode: 0, SQLState: 08001
2026-05-16 12:21:56 [Test worker] WARN  org.hibernate.orm.jdbc.error - Connection to localhost:5432 refused. Check that the hostname and port are correct and that the postmaster is accepting TCP/IP connections.
2026-05-16 12:21:56 [Test worker] WARN  org.hibernate.orm.jdbc - HHH100046: Could not obtain connection to query JDBC database metadata
org.hibernate.exception.JDBCConnectionException: Unable to obtain isolated JDBC connection [Connection to localhost:5432 refused. Check that the hostname and port are correct and that the postmaster is accepting TCP/IP connections.] [n/a]
	at org.hibernate.exception.internal.SQLStateConversionDelegate.convert(SQLStateConversionDelegate.java:80)
	at org.hibernate.exception.internal.StandardSQLExceptionConverter.convert(StandardSQLExceptionConverter.java:34)
	at org.hibernate.engine.jdbc.spi.SqlExceptionHelper.convert(SqlExceptionHelper.java:115)
	at org.hibernate.engine.jdbc.spi.SqlExceptionHelper.convert(SqlExceptionHelper.java:101)
	at org.hibernate.resource.transaction.backend.jdbc.internal.JdbcIsolationDelegate.delegateWork(JdbcIsolationDelegate.java:51)
	at org.hibernate.engine.jdbc.env.internal.JdbcEnvironmentInitiator.getJdbcEnvironmentUsingJdbcMetadata(JdbcEnvironmentInitiator.java:366)
	at org.hibernate.engine.jdbc.env.internal.JdbcEnvironmentInitiator.getJdbcEnvironment(JdbcEnvironmentInitiator.java:143)
	at org.hibernate.engine.jdbc.env.internal.JdbcEnvironmentInitiator.initiateService(JdbcEnvironmentInitiator.java:120)
	at org.hibernate.engine.jdbc.env.internal.JdbcEnvironmentInitiator.initiateService(JdbcEnvironmentInitiator.java:80)
	at org.hibernate.boot.registry.internal.StandardServiceRegistryImpl.initiateService(StandardServiceRegistryImpl.java:133)
	at org.hibernate.service.internal.AbstractServiceRegistryImpl.createService(AbstractServiceRegistryImpl.java:260)
	at org.hibernate.service.internal.AbstractServiceRegistryImpl.initializeService(AbstractServiceRegistryImpl.java:235)
	at org.hibernate.service.internal.AbstractServiceRegistryImpl.getService(AbstractServiceRegistryImpl.java:212)
	at org.hibernate.boot.model.relational.Database.<init>(Database.java:44)
	at org.hibernate.boot.internal.InFlightMetadataCollectorImpl.getDatabase(InFlightMetadataCollectorImpl.java:251)
	at org.hibernate.boot.internal.InFlightMetadataCollectorImpl.<init>(InFlightMetadataCollectorImpl.java:203)
	at org.hibernate.boot.model.process.spi.MetadataBuildingProcess.complete(MetadataBuildingProcess.java:172)
	at org.hibernate.jpa.boot.internal.EntityManagerFactoryBuilderImpl.metadata(EntityManagerFactoryBuilderImpl.java:1392)
	at org.hibernate.jpa.boot.internal.EntityManagerFactoryBuilderImpl.populateSessionFactoryBuilder(EntityManagerFactoryBuilderImpl.java:1472)
	at org.hibernate.jpa.boot.internal.EntityManagerFactoryBuilderImpl.build(EntityManagerFactoryBuilderImpl.java:1454)
	at org.springframework.orm.jpa.vendor.SpringHibernateJpaPersistenceProvider.createContainerEntityManagerFactory(SpringHibernateJpaPersistenceProvider.java:93)
	at org.springframework.orm.jpa.LocalContainerEntityManagerFactoryBean.createNativeEntityManagerFactory(LocalContainerEntityManagerFactoryBean.java:443)
	at org.springframework.orm.jpa.AbstractEntityManagerFactoryBean.buildNativeEntityManagerFactory(AbstractEntityManagerFactoryBean.java:436)
	at org.springframework.orm.jpa.AbstractEntityManagerFactoryBean.afterPropertiesSet(AbstractEntityManagerFactoryBean.java:411)
	at org.springframework.orm.jpa.LocalContainerEntityManagerFactoryBean.afterPropertiesSet(LocalContainerEntityManagerFactoryBean.java:419)
	at org.springframework.beans.factory.support.AbstractAutowireCapableBeanFactory.invokeInitMethods(AbstractAutowireCapableBeanFactory.java:1864)
	at org.springframework.beans.factory.support.AbstractAutowireCapableBeanFactory.initializeBean(AbstractAutowireCapableBeanFactory.java:1813)
	at org.springframework.beans.factory.support.AbstractAutowireCapableBeanFactory.doCreateBean(AbstractAutowireCapableBeanFactory.java:603)
	at org.springframework.beans.factory.support.AbstractAutowireCapableBeanFactory.createBean(AbstractAutowireCapableBeanFactory.java:525)
	at org.springframework.beans.factory.support.AbstractBeanFactory.lambda$doGetBean$0(AbstractBeanFactory.java:333)
	at org.springframework.beans.factory.support.DefaultSingletonBeanRegistry.getSingleton(DefaultSingletonBeanRegistry.java:371)
	at org.springframework.beans.factory.support.AbstractBeanFactory.doGetBean(AbstractBeanFactory.java:331)
	at org.springframework.beans.factory.support.AbstractBeanFactory.getBean(AbstractBeanFactory.java:201)
	at org.springframework.context.support.AbstractApplicationContext.finishBeanFactoryInitialization(AbstractApplicationContext.java:977)
	at org.springframework.context.support.AbstractApplicationContext.refresh(AbstractApplicationContext.java:621)
	at org.springframework.boot.SpringApplication.refresh(SpringApplication.java:756)
	at org.springframework.boot.SpringApplication.refreshContext(SpringApplication.java:445)
	at org.springframework.boot.SpringApplication.run(SpringApplication.java:321)
	at org.springframework.boot.test.context.SpringBootContextLoader.lambda$loadContext$2(SpringBootContextLoader.java:155)
	at org.springframework.util.function.ThrowingSupplier.get(ThrowingSupplier.java:58)
	at org.springframework.util.function.ThrowingSupplier.get(ThrowingSupplier.java:46)
	at org.springframework.boot.SpringApplication.withHook(SpringApplication.java:1465)
	at org.springframework.boot.test.context.SpringBootContextLoader$ContextLoaderHook.run(SpringBootContextLoader.java:600)
	at org.springframework.boot.test.context.SpringBootContextLoader.loadContext(SpringBootContextLoader.java:155)
	at org.springframework.boot.test.context.SpringBootContextLoader.loadContext(SpringBootContextLoader.java:114)
	at org.springframework.test.context.cache.DefaultCacheAwareContextLoaderDelegate.loadContextInternal(DefaultCacheAwareContextLoaderDelegate.java:247)
	at org.springframework.test.context.cache.DefaultCacheAwareContextLoaderDelegate.lambda$loadContext$0(DefaultCacheAwareContextLoaderDelegate.java:167)
	at org.springframework.test.context.cache.DefaultContextCache.put(DefaultContextCache.java:214)
	at org.springframework.test.context.cache.DefaultCacheAwareContextLoaderDelegate.loadContext(DefaultCacheAwareContextLoaderDelegate.java:160)
	at org.springframework.test.context.support.DefaultTestContext.getApplicationContext(DefaultTestContext.java:128)
	at org.springframework.test.context.web.ServletTestExecutionListener.setUpRequestContextIfNecessary(ServletTestExecutionListener.java:200)
	at org.springframework.test.context.web.ServletTestExecutionListener.prepareTestInstance(ServletTestExecutionListener.java:139)
	at org.springframework.test.context.TestContextManager.prepareTestInstance(TestContextManager.java:260)
	at org.springframework.test.context.junit.jupiter.SpringExtension.postProcessTestInstance(SpringExtension.java:242)
	at org.junit.jupiter.engine.descriptor.ClassBasedTestDescriptor.lambda$invokeTestInstancePostProcessors$1(ClassBasedTestDescriptor.java:423)
	at org.junit.jupiter.engine.descriptor.ClassBasedTestDescriptor.executeAndMaskThrowable(ClassBasedTestDescriptor.java:428)
	at org.junit.jupiter.engine.descriptor.ClassBasedTestDescriptor.lambda$invokeTestInstancePostProcessors$0(ClassBasedTestDescriptor.java:422)
	at java.base/java.util.stream.ForEachOps$ForEachOp$OfRef.accept(ForEachOps.java:186)
	at java.base/java.util.stream.ReferencePipeline$3$1.accept(ReferencePipeline.java:214)
	at java.base/java.util.stream.ReferencePipeline$2$1.accept(ReferencePipeline.java:197)
	at java.base/java.util.stream.ReferencePipeline$3$1.accept(ReferencePipeline.java:214)
	at java.base/java.util.ArrayList$ArrayListSpliterator.forEachRemaining(ArrayList.java:1716)
	at java.base/java.util.stream.AbstractPipeline.copyInto(AbstractPipeline.java:570)
	at java.base/java.util.stream.AbstractPipeline.wrapAndCopyInto(AbstractPipeline.java:560)
	at java.base/java.util.stream.ForEachOps$ForEachOp.evaluateSequential(ForEachOps.java:153)
	at java.base/java.util.stream.ForEachOps$ForEachOp$OfRef.evaluateSequential(ForEachOps.java:176)
	at java.base/java.util.stream.AbstractPipeline.evaluate(AbstractPipeline.java:265)
	at java.base/java.util.stream.ReferencePipeline.forEach(ReferencePipeline.java:632)
	at org.junit.jupiter.engine.descriptor.ClassBasedTestDescriptor.invokeTestInstancePostProcessors(ClassBasedTestDescriptor.java:422)
	at org.junit.jupiter.engine.descriptor.ClassBasedTestDescriptor.lambda$instantiateAndPostProcessTestInstance$0(ClassBasedTestDescriptor.java:334)
	at org.junit.platform.engine.support.hierarchical.ThrowableCollector.execute(ThrowableCollector.java:74)
	at org.junit.jupiter.engine.descriptor.ClassBasedTestDescriptor.instantiateAndPostProcessTestInstance(ClassBasedTestDescriptor.java:333)
	at org.junit.jupiter.engine.descriptor.ClassBasedTestDescriptor.lambda$testInstancesProvider$1(ClassBasedTestDescriptor.java:322)
	at java.base/java.util.Optional.orElseGet(Optional.java:364)
	at org.junit.jupiter.engine.descriptor.ClassBasedTestDescriptor.lambda$testInstancesProvider$0(ClassBasedTestDescriptor.java:321)
	at org.junit.jupiter.engine.execution.TestInstancesProvider.getTestInstances(TestInstancesProvider.java:27)
	at org.junit.jupiter.engine.descriptor.TestMethodTestDescriptor.lambda$prepare$0(TestMethodTestDescriptor.java:127)
	at org.junit.platform.engine.support.hierarchical.ThrowableCollector.execute(ThrowableCollector.java:74)
	at org.junit.jupiter.engine.descriptor.TestMethodTestDescriptor.prepare(TestMethodTestDescriptor.java:126)
	at org.junit.jupiter.engine.descriptor.TestMethodTestDescriptor.prepare(TestMethodTestDescriptor.java:70)
	at org.junit.platform.engine.support.hierarchical.NodeTestTask.lambda$prepare$0(NodeTestTask.java:144)
	at org.junit.platform.engine.support.hierarchical.ThrowableCollector.execute(ThrowableCollector.java:74)
	at org.junit.platform.engine.support.hierarchical.NodeTestTask.prepare(NodeTestTask.java:144)
	at org.junit.platform.engine.support.hierarchical.NodeTestTask.execute(NodeTestTask.java:110)
	at java.base/java.util.ArrayList.forEach(ArrayList.java:1604)
	at org.junit.platform.engine.support.hierarchical.SameThreadHierarchicalTestExecutorService.invokeAll(SameThreadHierarchicalTestExecutorService.java:42)
	at org.junit.platform.engine.support.hierarchical.NodeTestTask.lambda$executeRecursively$2(NodeTestTask.java:180)
	at org.junit.platform.engine.support.hierarchical.ThrowableCollector.execute(ThrowableCollector.java:74)
	at org.junit.platform.engine.support.hierarchical.NodeTestTask.lambda$executeRecursively$1(NodeTestTask.java:166)
	at org.junit.platform.engine.support.hierarchical.Node.around(Node.java:138)
	at org.junit.platform.engine.support.hierarchical.NodeTestTask.lambda$executeRecursively$0(NodeTestTask.java:164)
	at org.junit.platform.engine.support.hierarchical.ThrowableCollector.execute(ThrowableCollector.java:74)
	at org.junit.platform.engine.support.hierarchical.NodeTestTask.executeRecursively(NodeTestTask.java:163)
	at org.junit.platform.engine.support.hierarchical.NodeTestTask.execute(NodeTestTask.java:116)
	at java.base/java.util.ArrayList.forEach(ArrayList.java:1604)
	at org.junit.platform.engine.support.hierarchical.SameThreadHierarchicalTestExecutorService.invokeAll(SameThreadHierarchicalTestExecutorService.java:42)
	at org.junit.platform.engine.support.hierarchical.NodeTestTask.lambda$executeRecursively$2(NodeTestTask.java:180)
	at org.junit.platform.engine.support.hierarchical.ThrowableCollector.execute(ThrowableCollector.java:74)
	at org.junit.platform.engine.support.hierarchical.NodeTestTask.lambda$executeRecursively$1(NodeTestTask.java:166)
	at org.junit.platform.engine.support.hierarchical.Node.around(Node.java:138)
	at org.junit.platform.engine.support.hierarchical.NodeTestTask.lambda$executeRecursively$0(NodeTestTask.java:164)
	at org.junit.platform.engine.support.hierarchical.ThrowableCollector.execute(ThrowableCollector.java:74)
	at org.junit.platform.engine.support.hierarchical.NodeTestTask.executeRecursively(NodeTestTask.java:163)
	at org.junit.platform.engine.support.hierarchical.NodeTestTask.execute(NodeTestTask.java:116)
	at org.junit.platform.engine.support.hierarchical.SameThreadHierarchicalTestExecutorService.submit(SameThreadHierarchicalTestExecutorService.java:36)
	at org.junit.platform.engine.support.hierarchical.HierarchicalTestExecutor.execute(HierarchicalTestExecutor.java:52)
	at org.junit.platform.engine.support.hierarchical.HierarchicalTestEngine.execute(HierarchicalTestEngine.java:58)
	at org.junit.platform.launcher.core.EngineExecutionOrchestrator.executeEngine(EngineExecutionOrchestrator.java:246)
	at org.junit.platform.launcher.core.EngineExecutionOrchestrator.failOrExecuteEngine(EngineExecutionOrchestrator.java:218)
	at org.junit.platform.launcher.core.EngineExecutionOrchestrator.execute(EngineExecutionOrchestrator.java:179)
	at org.junit.platform.launcher.core.EngineExecutionOrchestrator.execute(EngineExecutionOrchestrator.java:108)
	at org.junit.platform.launcher.core.EngineExecutionOrchestrator.lambda$execute$0(EngineExecutionOrchestrator.java:66)
	at org.junit.platform.launcher.core.EngineExecutionOrchestrator.withInterceptedStreams(EngineExecutionOrchestrator.java:157)
	at org.junit.platform.launcher.core.EngineExecutionOrchestrator.execute(EngineExecutionOrchestrator.java:65)
	at org.junit.platform.launcher.core.DefaultLauncher.execute(DefaultLauncher.java:125)
	at org.junit.platform.launcher.core.DefaultLauncher.execute(DefaultLauncher.java:114)
	at org.junit.platform.launcher.core.DefaultLauncher.execute(DefaultLauncher.java:93)
	at org.junit.platform.launcher.core.DelegatingLauncher.execute(DelegatingLauncher.java:48)
	at org.junit.platform.launcher.core.InterceptingLauncher.lambda$execute$0(InterceptingLauncher.java:41)
	at org.junit.platform.launcher.core.ClasspathAlignmentCheckingLauncherInterceptor.intercept(ClasspathAlignmentCheckingLauncherInterceptor.java:25)
	at org.junit.platform.launcher.core.InterceptingLauncher.execute(InterceptingLauncher.java:40)
	at org.junit.platform.launcher.core.DelegatingLauncher.execute(DelegatingLauncher.java:48)
	at org.gradle.api.internal.tasks.testing.junitplatform.JUnitPlatformTestDefinitionProcessor$CollectThenExecuteTestDefinitionConsumer.processAllTestDefinitions(JUnitPlatformTestDefinitionProcessor.java:179)
	at org.gradle.api.internal.tasks.testing.junitplatform.JUnitPlatformTestDefinitionProcessor$CollectThenExecuteTestDefinitionConsumer.access$000(JUnitPlatformTestDefinitionProcessor.java:122)
	at org.gradle.api.internal.tasks.testing.junitplatform.JUnitPlatformTestDefinitionProcessor.stop(JUnitPlatformTestDefinitionProcessor.java:116)
	at org.gradle.api.internal.tasks.testing.SuiteTestDefinitionProcessor.stop(SuiteTestDefinitionProcessor.java:63)
	at java.base/jdk.internal.reflect.DirectMethodHandleAccessor.invoke(DirectMethodHandleAccessor.java:104)
	at java.base/java.lang.reflect.Method.invoke(Method.java:565)
	at org.gradle.internal.dispatch.MethodInvocation.invokeOn(MethodInvocation.java:77)
	at org.gradle.internal.dispatch.ReflectionDispatch.dispatch(ReflectionDispatch.java:28)
	at org.gradle.internal.dispatch.ReflectionDispatch.dispatch(ReflectionDispatch.java:19)
	at org.gradle.internal.dispatch.ContextClassLoaderDispatch.dispatch(ContextClassLoaderDispatch.java:33)
	at org.gradle.internal.dispatch.ProxyDispatchAdapter$DispatchingInvocationHandler.invoke(ProxyDispatchAdapter.java:88)
	at jdk.proxy1/jdk.proxy1.$Proxy4.stop(Unknown Source)
	at org.gradle.api.internal.tasks.testing.worker.TestWorker$3.run(TestWorker.java:195)
	at org.gradle.api.internal.tasks.testing.worker.TestWorker.executeAndMaintainThreadName(TestWorker.java:126)
	at org.gradle.api.internal.tasks.testing.worker.TestWorker.execute(TestWorker.java:103)
	at org.gradle.api.internal.tasks.testing.worker.TestWorker.execute(TestWorker.java:63)
	at org.gradle.process.internal.worker.child.ActionExecutionWorker.execute(ActionExecutionWorker.java:56)
	at org.gradle.process.internal.worker.child.SystemApplicationClassLoaderWorker.call(SystemApplicationClassLoaderWorker.java:122)
	at org.gradle.process.internal.worker.child.SystemApplicationClassLoaderWorker.call(SystemApplicationClassLoaderWorker.java:72)
	at worker.org.gradle.process.internal.worker.GradleWorkerMain.run(GradleWorkerMain.java:69)
	at worker.org.gradle.process.internal.worker.GradleWorkerMain.main(GradleWorkerMain.java:74)
Caused by: org.postgresql.util.PSQLException: Connection to localhost:5432 refused. Check that the hostname and port are correct and that the postmaster is accepting TCP/IP connections.
	at org.postgresql.core.v3.ConnectionFactoryImpl.openConnectionImpl(ConnectionFactoryImpl.java:342)
	at org.postgresql.core.ConnectionFactory.openConnection(ConnectionFactory.java:54)
	at org.postgresql.jdbc.PgConnection.<init>(PgConnection.java:263)
	at org.postgresql.Driver.makeConnection(Driver.java:444)
	at org.postgresql.Driver.connect(Driver.java:297)
	at com.zaxxer.hikari.util.DriverDataSource.getConnection(DriverDataSource.java:144)
	at com.zaxxer.hikari.pool.PoolBase.newConnection(PoolBase.java:373)
	at com.zaxxer.hikari.pool.PoolBase.newPoolEntry(PoolBase.java:210)
	at com.zaxxer.hikari.pool.HikariPool.createPoolEntry(HikariPool.java:488)
	at com.zaxxer.hikari.pool.HikariPool.checkFailFast(HikariPool.java:576)
	at com.zaxxer.hikari.pool.HikariPool.<init>(HikariPool.java:97)
	at com.zaxxer.hikari.HikariDataSource.getConnection(HikariDataSource.java:111)
	at org.hibernate.engine.jdbc.connections.internal.DataSourceConnectionProvider.getConnection(DataSourceConnectionProvider.java:137)
	at org.hibernate.engine.jdbc.env.internal.JdbcEnvironmentInitiator$ConnectionProviderJdbcConnectionAccess.obtainConnection(JdbcEnvironmentInitiator.java:508)
	at org.hibernate.resource.transaction.backend.jdbc.internal.JdbcIsolationDelegate.delegateWork(JdbcIsolationDelegate.java:48)
	... 138 common frames omitted
Caused by: java.net.ConnectException: Connection refused: getsockopt
	at java.base/sun.nio.ch.Net.pollConnect(Native Method)
	at java.base/sun.nio.ch.Net.pollConnectNow(Net.java:639)
	at java.base/sun.nio.ch.NioSocketImpl.timedFinishConnect(NioSocketImpl.java:543)
	at java.base/sun.nio.ch.NioSocketImpl.connect(NioSocketImpl.java:594)
	at java.base/java.net.SocksSocketImpl.connect(SocksSocketImpl.java:284)
	at java.base/java.net.Socket.connect(Socket.java:659)
	at org.postgresql.core.PGStream.createSocket(PGStream.java:243)
	at org.postgresql.core.PGStream.<init>(PGStream.java:98)
	at org.postgresql.core.v3.ConnectionFactoryImpl.tryConnect(ConnectionFactoryImpl.java:132)
	at org.postgresql.core.v3.ConnectionFactoryImpl.openConnectionImpl(ConnectionFactoryImpl.java:258)
	... 152 common frames omitted
2026-05-16 12:21:56 [Test worker] WARN  org.hibernate.orm.deprecation - HHH90000025: PostgreSQLDialect does not need to be specified explicitly using 'hibernate.dialect' (remove the property setting and it will be selected by default)
2026-05-16 12:21:56 [Test worker] INFO  o.hibernate.orm.connections.pooling - HHH10001005: Database info:
	Database JDBC URL [undefined/unknown]
	Database driver: undefined/unknown
	Database dialect: PostgreSQLDialect
	Database version: 13.0
	Default catalog/schema: unknown/unknown
	Autocommit mode: undefined/unknown
	Isolation level: NONE [default NONE]
	JDBC fetch size: undefined/unknown
	Pool: DataSourceConnectionProvider
	Minimum pool size: undefined/unknown
	Maximum pool size: undefined/unknown
2026-05-16 12:22:01 [Test worker] INFO  org.hibernate.orm.core - HHH000489: No JTA platform available (set 'hibernate.transaction.jta.platform' to enable JTA platform integration)
2026-05-16 12:22:01 [Test worker] INFO  org.hibernate.orm.jdbc.batch - HHH100501: Automatic JDBC statement batching enabled (maximum batch size 20)
2026-05-16 12:22:01 [Test worker] INFO  com.zaxxer.hikari.HikariDataSource - HikariPool-1 - Starting...
2026-05-16 12:22:02 [Test worker] WARN  org.hibernate.orm.jdbc.error - HHH000247: ErrorCode: 0, SQLState: 08001
2026-05-16 12:22:02 [Test worker] WARN  org.hibernate.orm.jdbc.error - Connection to localhost:5432 refused. Check that the hostname and port are correct and that the postmaster is accepting TCP/IP connections.
2026-05-16 12:22:02 [Test worker] ERROR o.s.o.j.LocalContainerEntityManagerFactoryBean - Failed to initialize JPA EntityManagerFactory: Unable to build Hibernate SessionFactory  [persistence unit: default] ; nested exception is org.hibernate.exception.JDBCConnectionException: Unable to open JDBC Connection for DDL execution [Connection to localhost:5432 refused. Check that the hostname and port are correct and that the postmaster is accepting TCP/IP connections.] [n/a]
2026-05-16 12:22:02 [Test worker] WARN  o.s.w.c.s.GenericWebApplicationContext - Exception encountered during context initialization - cancelling refresh attempt: org.springframework.beans.factory.BeanCreationException: Error creating bean with name 'entityManagerFactory' defined in class path resource [org/springframework/boot/hibernate/autoconfigure/HibernateJpaConfiguration.class]: Unable to build Hibernate SessionFactory  [persistence unit: default] ; nested exception is org.hibernate.exception.JDBCConnectionException: Unable to open JDBC Connection for DDL execution [Connection to localhost:5432 refused. Check that the hostname and port are correct and that the postmaster is accepting TCP/IP connections.] [n/a]
2026-05-16 12:22:02 [Test worker] INFO  o.s.b.a.l.ConditionEvaluationReportLogger - 

Error starting ApplicationContext. To display the condition evaluation report re-run your application with 'debug' enabled.
2026-05-16 12:22:03 [Test worker] ERROR o.s.boot.SpringApplication - Application run failed
org.springframework.beans.factory.BeanCreationException: Error creating bean with name 'entityManagerFactory' defined in class path resource [org/springframework/boot/hibernate/autoconfigure/HibernateJpaConfiguration.class]: Unable to build Hibernate SessionFactory  [persistence unit: default] ; nested exception is org.hibernate.exception.JDBCConnectionException: Unable to open JDBC Connection for DDL execution [Connection to localhost:5432 refused. Check that the hostname and port are correct and that the postmaster is accepting TCP/IP connections.] [n/a]
	at org.springframework.beans.factory.support.AbstractAutowireCapableBeanFactory.initializeBean(AbstractAutowireCapableBeanFactory.java:1817)
	at org.springframework.beans.factory.support.AbstractAutowireCapableBeanFactory.doCreateBean(AbstractAutowireCapableBeanFactory.java:603)
	at org.springframework.beans.factory.support.AbstractAutowireCapableBeanFactory.createBean(AbstractAutowireCapableBeanFactory.java:525)
	at org.springframework.beans.factory.support.AbstractBeanFactory.lambda$doGetBean$0(AbstractBeanFactory.java:333)
	at org.springframework.beans.factory.support.DefaultSingletonBeanRegistry.getSingleton(DefaultSingletonBeanRegistry.java:371)
	at org.springframework.beans.factory.support.AbstractBeanFactory.doGetBean(AbstractBeanFactory.java:331)
	at org.springframework.beans.factory.support.AbstractBeanFactory.getBean(AbstractBeanFactory.java:201)
	at org.springframework.context.support.AbstractApplicationContext.finishBeanFactoryInitialization(AbstractApplicationContext.java:977)
	at org.springframework.context.support.AbstractApplicationContext.refresh(AbstractApplicationContext.java:621)
	at org.springframework.boot.SpringApplication.refresh(SpringApplication.java:756)
	at org.springframework.boot.SpringApplication.refreshContext(SpringApplication.java:445)
	at org.springframework.boot.SpringApplication.run(SpringApplication.java:321)
	at org.springframework.boot.test.context.SpringBootContextLoader.lambda$loadContext$2(SpringBootContextLoader.java:155)
	at org.springframework.util.function.ThrowingSupplier.get(ThrowingSupplier.java:58)
	at org.springframework.util.function.ThrowingSupplier.get(ThrowingSupplier.java:46)
	at org.springframework.boot.SpringApplication.withHook(SpringApplication.java:1465)
	at org.springframework.boot.test.context.SpringBootContextLoader$ContextLoaderHook.run(SpringBootContextLoader.java:600)
	at org.springframework.boot.test.context.SpringBootContextLoader.loadContext(SpringBootContextLoader.java:155)
	at org.springframework.boot.test.context.SpringBootContextLoader.loadContext(SpringBootContextLoader.java:114)
	at org.springframework.test.context.cache.DefaultCacheAwareContextLoaderDelegate.loadContextInternal(DefaultCacheAwareContextLoaderDelegate.java:247)
	at org.springframework.test.context.cache.DefaultCacheAwareContextLoaderDelegate.lambda$loadContext$0(DefaultCacheAwareContextLoaderDelegate.java:167)
	at org.springframework.test.context.cache.DefaultContextCache.put(DefaultContextCache.java:214)
	at org.springframework.test.context.cache.DefaultCacheAwareContextLoaderDelegate.loadContext(DefaultCacheAwareContextLoaderDelegate.java:160)
	at org.springframework.test.context.support.DefaultTestContext.getApplicationContext(DefaultTestContext.java:128)
	at org.springframework.test.context.web.ServletTestExecutionListener.setUpRequestContextIfNecessary(ServletTestExecutionListener.java:200)
	at org.springframework.test.context.web.ServletTestExecutionListener.prepareTestInstance(ServletTestExecutionListener.java:139)
	at org.springframework.test.context.TestContextManager.prepareTestInstance(TestContextManager.java:260)
	at org.springframework.test.context.junit.jupiter.SpringExtension.postProcessTestInstance(SpringExtension.java:242)
	at org.junit.jupiter.engine.descriptor.ClassBasedTestDescriptor.lambda$invokeTestInstancePostProcessors$1(ClassBasedTestDescriptor.java:423)
	at org.junit.jupiter.engine.descriptor.ClassBasedTestDescriptor.executeAndMaskThrowable(ClassBasedTestDescriptor.java:428)
	at org.junit.jupiter.engine.descriptor.ClassBasedTestDescriptor.lambda$invokeTestInstancePostProcessors$0(ClassBasedTestDescriptor.java:422)
	at java.base/java.util.stream.ForEachOps$ForEachOp$OfRef.accept(ForEachOps.java:186)
	at java.base/java.util.stream.ReferencePipeline$3$1.accept(ReferencePipeline.java:214)
	at java.base/java.util.stream.ReferencePipeline$2$1.accept(ReferencePipeline.java:197)
	at java.base/java.util.stream.ReferencePipeline$3$1.accept(ReferencePipeline.java:214)
	at java.base/java.util.ArrayList$ArrayListSpliterator.forEachRemaining(ArrayList.java:1716)
	at java.base/java.util.stream.AbstractPipeline.copyInto(AbstractPipeline.java:570)
	at java.base/java.util.stream.AbstractPipeline.wrapAndCopyInto(AbstractPipeline.java:560)
	at java.base/java.util.stream.ForEachOps$ForEachOp.evaluateSequential(ForEachOps.java:153)
	at java.base/java.util.stream.ForEachOps$ForEachOp$OfRef.evaluateSequential(ForEachOps.java:176)
	at java.base/java.util.stream.AbstractPipeline.evaluate(AbstractPipeline.java:265)
	at java.base/java.util.stream.ReferencePipeline.forEach(ReferencePipeline.java:632)
	at org.junit.jupiter.engine.descriptor.ClassBasedTestDescriptor.invokeTestInstancePostProcessors(ClassBasedTestDescriptor.java:422)
	at org.junit.jupiter.engine.descriptor.ClassBasedTestDescriptor.lambda$instantiateAndPostProcessTestInstance$0(ClassBasedTestDescriptor.java:334)
	at org.junit.platform.engine.support.hierarchical.ThrowableCollector.execute(ThrowableCollector.java:74)
	at org.junit.jupiter.engine.descriptor.ClassBasedTestDescriptor.instantiateAndPostProcessTestInstance(ClassBasedTestDescriptor.java:333)
	at org.junit.jupiter.engine.descriptor.ClassBasedTestDescriptor.lambda$testInstancesProvider$1(ClassBasedTestDescriptor.java:322)
	at java.base/java.util.Optional.orElseGet(Optional.java:364)
	at org.junit.jupiter.engine.descriptor.ClassBasedTestDescriptor.lambda$testInstancesProvider$0(ClassBasedTestDescriptor.java:321)
	at org.junit.jupiter.engine.execution.TestInstancesProvider.getTestInstances(TestInstancesProvider.java:27)
	at org.junit.jupiter.engine.descriptor.TestMethodTestDescriptor.lambda$prepare$0(TestMethodTestDescriptor.java:127)
	at org.junit.platform.engine.support.hierarchical.ThrowableCollector.execute(ThrowableCollector.java:74)
	at org.junit.jupiter.engine.descriptor.TestMethodTestDescriptor.prepare(TestMethodTestDescriptor.java:126)
	at org.junit.jupiter.engine.descriptor.TestMethodTestDescriptor.prepare(TestMethodTestDescriptor.java:70)
	at org.junit.platform.engine.support.hierarchical.NodeTestTask.lambda$prepare$0(NodeTestTask.java:144)
	at org.junit.platform.engine.support.hierarchical.ThrowableCollector.execute(ThrowableCollector.java:74)
	at org.junit.platform.engine.support.hierarchical.NodeTestTask.prepare(NodeTestTask.java:144)
	at org.junit.platform.engine.support.hierarchical.NodeTestTask.execute(NodeTestTask.java:110)
	at java.base/java.util.ArrayList.forEach(ArrayList.java:1604)
	at org.junit.platform.engine.support.hierarchical.SameThreadHierarchicalTestExecutorService.invokeAll(SameThreadHierarchicalTestExecutorService.java:42)
	at org.junit.platform.engine.support.hierarchical.NodeTestTask.lambda$executeRecursively$2(NodeTestTask.java:180)
	at org.junit.platform.engine.support.hierarchical.ThrowableCollector.execute(ThrowableCollector.java:74)
	at org.junit.platform.engine.support.hierarchical.NodeTestTask.lambda$executeRecursively$1(NodeTestTask.java:166)
	at org.junit.platform.engine.support.hierarchical.Node.around(Node.java:138)
	at org.junit.platform.engine.support.hierarchical.NodeTestTask.lambda$executeRecursively$0(NodeTestTask.java:164)
	at org.junit.platform.engine.support.hierarchical.ThrowableCollector.execute(ThrowableCollector.java:74)
	at org.junit.platform.engine.support.hierarchical.NodeTestTask.executeRecursively(NodeTestTask.java:163)
	at org.junit.platform.engine.support.hierarchical.NodeTestTask.execute(NodeTestTask.java:116)
	at java.base/java.util.ArrayList.forEach(ArrayList.java:1604)
	at org.junit.platform.engine.support.hierarchical.SameThreadHierarchicalTestExecutorService.invokeAll(SameThreadHierarchicalTestExecutorService.java:42)
	at org.junit.platform.engine.support.hierarchical.NodeTestTask.lambda$executeRecursively$2(NodeTestTask.java:180)
	at org.junit.platform.engine.support.hierarchical.ThrowableCollector.execute(ThrowableCollector.java:74)
	at org.junit.platform.engine.support.hierarchical.NodeTestTask.lambda$executeRecursively$1(NodeTestTask.java:166)
	at org.junit.platform.engine.support.hierarchical.Node.around(Node.java:138)
	at org.junit.platform.engine.support.hierarchical.NodeTestTask.lambda$executeRecursively$0(NodeTestTask.java:164)
	at org.junit.platform.engine.support.hierarchical.ThrowableCollector.execute(ThrowableCollector.java:74)
	at org.junit.platform.engine.support.hierarchical.NodeTestTask.executeRecursively(NodeTestTask.java:163)
	at org.junit.platform.engine.support.hierarchical.NodeTestTask.execute(NodeTestTask.java:116)
	at org.junit.platform.engine.support.hierarchical.SameThreadHierarchicalTestExecutorService.submit(SameThreadHierarchicalTestExecutorService.java:36)
	at org.junit.platform.engine.support.hierarchical.HierarchicalTestExecutor.execute(HierarchicalTestExecutor.java:52)
	at org.junit.platform.engine.support.hierarchical.HierarchicalTestEngine.execute(HierarchicalTestEngine.java:58)
	at org.junit.platform.launcher.core.EngineExecutionOrchestrator.executeEngine(EngineExecutionOrchestrator.java:246)
	at org.junit.platform.launcher.core.EngineExecutionOrchestrator.failOrExecuteEngine(EngineExecutionOrchestrator.java:218)
	at org.junit.platform.launcher.core.EngineExecutionOrchestrator.execute(EngineExecutionOrchestrator.java:179)
	at org.junit.platform.launcher.core.EngineExecutionOrchestrator.execute(EngineExecutionOrchestrator.java:108)
	at org.junit.platform.launcher.core.EngineExecutionOrchestrator.lambda$execute$0(EngineExecutionOrchestrator.java:66)
	at org.junit.platform.launcher.core.EngineExecutionOrchestrator.withInterceptedStreams(EngineExecutionOrchestrator.java:157)
	at org.junit.platform.launcher.core.EngineExecutionOrchestrator.execute(EngineExecutionOrchestrator.java:65)
	at org.junit.platform.launcher.core.DefaultLauncher.execute(DefaultLauncher.java:125)
	at org.junit.platform.launcher.core.DefaultLauncher.execute(DefaultLauncher.java:114)
	at org.junit.platform.launcher.core.DefaultLauncher.execute(DefaultLauncher.java:93)
	at org.junit.platform.launcher.core.DelegatingLauncher.execute(DelegatingLauncher.java:48)
	at org.junit.platform.launcher.core.InterceptingLauncher.lambda$execute$0(InterceptingLauncher.java:41)
	at org.junit.platform.launcher.core.ClasspathAlignmentCheckingLauncherInterceptor.intercept(ClasspathAlignmentCheckingLauncherInterceptor.java:25)
	at org.junit.platform.launcher.core.InterceptingLauncher.execute(InterceptingLauncher.java:40)
	at org.junit.platform.launcher.core.DelegatingLauncher.execute(DelegatingLauncher.java:48)
	at org.gradle.api.internal.tasks.testing.junitplatform.JUnitPlatformTestDefinitionProcessor$CollectThenExecuteTestDefinitionConsumer.processAllTestDefinitions(JUnitPlatformTestDefinitionProcessor.java:179)
	at org.gradle.api.internal.tasks.testing.junitplatform.JUnitPlatformTestDefinitionProcessor$CollectThenExecuteTestDefinitionConsumer.access$000(JUnitPlatformTestDefinitionProcessor.java:122)
	at org.gradle.api.internal.tasks.testing.junitplatform.JUnitPlatformTestDefinitionProcessor.stop(JUnitPlatformTestDefinitionProcessor.java:116)
	at org.gradle.api.internal.tasks.testing.SuiteTestDefinitionProcessor.stop(SuiteTestDefinitionProcessor.java:63)
	at java.base/jdk.internal.reflect.DirectMethodHandleAccessor.invoke(DirectMethodHandleAccessor.java:104)
	at java.base/java.lang.reflect.Method.invoke(Method.java:565)
	at org.gradle.internal.dispatch.MethodInvocation.invokeOn(MethodInvocation.java:77)
	at org.gradle.internal.dispatch.ReflectionDispatch.dispatch(ReflectionDispatch.java:28)
	at org.gradle.internal.dispatch.ReflectionDispatch.dispatch(ReflectionDispatch.java:19)
	at org.gradle.internal.dispatch.ContextClassLoaderDispatch.dispatch(ContextClassLoaderDispatch.java:33)
	at org.gradle.internal.dispatch.ProxyDispatchAdapter$DispatchingInvocationHandler.invoke(ProxyDispatchAdapter.java:88)
	at jdk.proxy1/jdk.proxy1.$Proxy4.stop(Unknown Source)
	at org.gradle.api.internal.tasks.testing.worker.TestWorker$3.run(TestWorker.java:195)
	at org.gradle.api.internal.tasks.testing.worker.TestWorker.executeAndMaintainThreadName(TestWorker.java:126)
	at org.gradle.api.internal.tasks.testing.worker.TestWorker.execute(TestWorker.java:103)
	at org.gradle.api.internal.tasks.testing.worker.TestWorker.execute(TestWorker.java:63)
	at org.gradle.process.internal.worker.child.ActionExecutionWorker.execute(ActionExecutionWorker.java:56)
	at org.gradle.process.internal.worker.child.SystemApplicationClassLoaderWorker.call(SystemApplicationClassLoaderWorker.java:122)
	at org.gradle.process.internal.worker.child.SystemApplicationClassLoaderWorker.call(SystemApplicationClassLoaderWorker.java:72)
	at worker.org.gradle.process.internal.worker.GradleWorkerMain.run(GradleWorkerMain.java:69)
	at worker.org.gradle.process.internal.worker.GradleWorkerMain.main(GradleWorkerMain.java:74)
Caused by: jakarta.persistence.PersistenceException: Unable to build Hibernate SessionFactory  [persistence unit: default] ; nested exception is org.hibernate.exception.JDBCConnectionException: Unable to open JDBC Connection for DDL execution [Connection to localhost:5432 refused. Check that the hostname and port are correct and that the postmaster is accepting TCP/IP connections.] [n/a]
	at org.springframework.orm.jpa.AbstractEntityManagerFactoryBean.buildNativeEntityManagerFactory(AbstractEntityManagerFactoryBean.java:448)
	at org.springframework.orm.jpa.AbstractEntityManagerFactoryBean.afterPropertiesSet(AbstractEntityManagerFactoryBean.java:411)
	at org.springframework.orm.jpa.LocalContainerEntityManagerFactoryBean.afterPropertiesSet(LocalContainerEntityManagerFactoryBean.java:419)
	at org.springframework.beans.factory.support.AbstractAutowireCapableBeanFactory.invokeInitMethods(AbstractAutowireCapableBeanFactory.java:1864)
	at org.springframework.beans.factory.support.AbstractAutowireCapableBeanFactory.initializeBean(AbstractAutowireCapableBeanFactory.java:1813)
	... 116 common frames omitted
Caused by: org.hibernate.exception.JDBCConnectionException: Unable to open JDBC Connection for DDL execution [Connection to localhost:5432 refused. Check that the hostname and port are correct and that the postmaster is accepting TCP/IP connections.] [n/a]
	at org.hibernate.exception.internal.SQLStateConversionDelegate.convert(SQLStateConversionDelegate.java:80)
	at org.hibernate.exception.internal.StandardSQLExceptionConverter.convert(StandardSQLExceptionConverter.java:34)
	at org.hibernate.engine.jdbc.spi.SqlExceptionHelper.convert(SqlExceptionHelper.java:115)
	at org.hibernate.engine.jdbc.spi.SqlExceptionHelper.convert(SqlExceptionHelper.java:101)
	at org.hibernate.resource.transaction.backend.jdbc.internal.DdlTransactionIsolatorNonJtaImpl.getIsolatedConnection(DdlTransactionIsolatorNonJtaImpl.java:71)
	at org.hibernate.resource.transaction.backend.jdbc.internal.DdlTransactionIsolatorNonJtaImpl.getIsolatedConnection(DdlTransactionIsolatorNonJtaImpl.java:37)
	at org.hibernate.tool.schema.internal.exec.ImprovedExtractionContextImpl.getJdbcConnection(ImprovedExtractionContextImpl.java:61)
	at org.hibernate.tool.schema.extract.spi.ExtractionContext.getQueryResults(ExtractionContext.java:41)
	at org.hibernate.tool.schema.extract.internal.SequenceInformationExtractorLegacyImpl.extractMetadata(SequenceInformationExtractorLegacyImpl.java:36)
	at org.hibernate.tool.schema.extract.internal.DatabaseInformationImpl.initializeSequences(DatabaseInformationImpl.java:73)
	at org.hibernate.tool.schema.extract.internal.DatabaseInformationImpl.<init>(DatabaseInformationImpl.java:63)
	at org.hibernate.tool.schema.internal.Helper.buildDatabaseInformation(Helper.java:174)
	at org.hibernate.tool.schema.internal.AbstractSchemaValidator.doValidation(AbstractSchemaValidator.java:66)
	at org.hibernate.tool.schema.spi.SchemaManagementToolCoordinator.performDatabaseAction(SchemaManagementToolCoordinator.java:278)
	at org.hibernate.tool.schema.spi.SchemaManagementToolCoordinator.lambda$process$1(SchemaManagementToolCoordinator.java:101)
	at java.base/java.util.HashMap.forEach(HashMap.java:1430)
	at org.hibernate.tool.schema.spi.SchemaManagementToolCoordinator.process(SchemaManagementToolCoordinator.java:100)
	at org.hibernate.boot.internal.SessionFactoryObserverForSchemaExport.sessionFactoryCreated(SessionFactoryObserverForSchemaExport.java:35)
	at org.hibernate.internal.SessionFactoryObserverChain.sessionFactoryCreated(SessionFactoryObserverChain.java:33)
	at org.hibernate.internal.SessionFactoryImpl.<init>(SessionFactoryImpl.java:323)
	at org.hibernate.internal.SessionFactoryRegistry.instantiateSessionFactory(SessionFactoryRegistry.java:64)
	at org.hibernate.boot.internal.SessionFactoryBuilderImpl.build(SessionFactoryBuilderImpl.java:437)
	at org.hibernate.jpa.boot.internal.EntityManagerFactoryBuilderImpl.build(EntityManagerFactoryBuilderImpl.java:1456)
	at org.springframework.orm.jpa.vendor.SpringHibernateJpaPersistenceProvider.createContainerEntityManagerFactory(SpringHibernateJpaPersistenceProvider.java:93)
	at org.springframework.orm.jpa.LocalContainerEntityManagerFactoryBean.createNativeEntityManagerFactory(LocalContainerEntityManagerFactoryBean.java:443)
	at org.springframework.orm.jpa.AbstractEntityManagerFactoryBean.buildNativeEntityManagerFactory(AbstractEntityManagerFactoryBean.java:436)
	... 120 common frames omitted
Caused by: org.postgresql.util.PSQLException: Connection to localhost:5432 refused. Check that the hostname and port are correct and that the postmaster is accepting TCP/IP connections.
	at org.postgresql.core.v3.ConnectionFactoryImpl.openConnectionImpl(ConnectionFactoryImpl.java:342)
	at org.postgresql.core.ConnectionFactory.openConnection(ConnectionFactory.java:54)
	at org.postgresql.jdbc.PgConnection.<init>(PgConnection.java:263)
	at org.postgresql.Driver.makeConnection(Driver.java:444)
	at org.postgresql.Driver.connect(Driver.java:297)
	at com.zaxxer.hikari.util.DriverDataSource.getConnection(DriverDataSource.java:144)
	at com.zaxxer.hikari.pool.PoolBase.newConnection(PoolBase.java:373)
	at com.zaxxer.hikari.pool.PoolBase.newPoolEntry(PoolBase.java:210)
	at com.zaxxer.hikari.pool.HikariPool.createPoolEntry(HikariPool.java:488)
	at com.zaxxer.hikari.pool.HikariPool.checkFailFast(HikariPool.java:576)
	at com.zaxxer.hikari.pool.HikariPool.<init>(HikariPool.java:97)
	at com.zaxxer.hikari.HikariDataSource.getConnection(HikariDataSource.java:111)
	at org.hibernate.engine.jdbc.connections.internal.DataSourceConnectionProvider.getConnection(DataSourceConnectionProvider.java:137)
	at org.hibernate.engine.jdbc.env.internal.JdbcEnvironmentInitiator$ConnectionProviderJdbcConnectionAccess.obtainConnection(JdbcEnvironmentInitiator.java:508)
	at org.hibernate.resource.transaction.backend.jdbc.internal.DdlTransactionIsolatorNonJtaImpl.getIsolatedConnection(DdlTransactionIsolatorNonJtaImpl.java:44)
	... 141 common frames omitted
Caused by: java.net.ConnectException: Connection refused: getsockopt
	at java.base/sun.nio.ch.Net.pollConnect(Native Method)
	at java.base/sun.nio.ch.Net.pollConnectNow(Net.java:639)
	at java.base/sun.nio.ch.NioSocketImpl.timedFinishConnect(NioSocketImpl.java:543)
	at java.base/sun.nio.ch.NioSocketImpl.connect(NioSocketImpl.java:594)
	at java.base/java.net.SocksSocketImpl.connect(SocksSocketImpl.java:284)
	at java.base/java.net.Socket.connect(Socket.java:659)
	at org.postgresql.core.PGStream.createSocket(PGStream.java:243)
	at org.postgresql.core.PGStream.<init>(PGStream.java:98)
	at org.postgresql.core.v3.ConnectionFactoryImpl.tryConnect(ConnectionFactoryImpl.java:132)
	at org.postgresql.core.v3.ConnectionFactoryImpl.openConnectionImpl(ConnectionFactoryImpl.java:258)
	... 155 common frames omitted
2026-05-16 12:22:03 [Test worker] WARN  o.s.test.context.TestContextManager - Caught exception while allowing TestExecutionListener [org.springframework.test.context.web.ServletTestExecutionListener] to prepare test instance [com.platform.drockley.DrockleyApplicationTests@5a097a83]
java.lang.IllegalStateException: Failed to load ApplicationContext for [WebMergedContextConfiguration@72f71ea2 testClass = com.platform.drockley.DrockleyApplicationTests, locations = [], classes = [com.platform.drockley.DrockleyApplication], contextInitializerClasses = [], activeProfiles = [], propertySourceDescriptors = [], propertySourceProperties = ["org.springframework.boot.test.context.SpringBootTestContextBootstrapper=true"], contextCustomizers = [org.springframework.boot.test.autoconfigure.OnFailureConditionReportContextCustomizerFactory$OnFailureConditionReportContextCustomizer@757f675c, org.springframework.boot.test.context.PropertyMappingContextCustomizer@0, org.springframework.boot.test.context.filter.ExcludeFilterContextCustomizer@150d80c4, org.springframework.boot.test.json.DuplicateJsonObjectContextCustomizerFactory$DuplicateJsonObjectContextCustomizer@606fc505, org.springframework.boot.web.server.context.SpringBootTestRandomPortContextCustomizer@347bdeef, org.springframework.test.context.support.DynamicPropertiesContextCustomizer@0, org.springframework.boot.test.context.SpringBootTestAnnotation@b8547abf], resourceBasePath = "src/main/webapp", contextLoader = org.springframework.boot.test.context.SpringBootContextLoader, parent = null]
	at org.springframework.test.context.cache.DefaultCacheAwareContextLoaderDelegate.lambda$loadContext$0(DefaultCacheAwareContextLoaderDelegate.java:195)
	at org.springframework.test.context.cache.DefaultContextCache.put(DefaultContextCache.java:214)
	at org.springframework.test.context.cache.DefaultCacheAwareContextLoaderDelegate.loadContext(DefaultCacheAwareContextLoaderDelegate.java:160)
	at org.springframework.test.context.support.DefaultTestContext.getApplicationContext(DefaultTestContext.java:128)
	at org.springframework.test.context.web.ServletTestExecutionListener.setUpRequestContextIfNecessary(ServletTestExecutionListener.java:200)
	at org.springframework.test.context.web.ServletTestExecutionListener.prepareTestInstance(ServletTestExecutionListener.java:139)
	at org.springframework.test.context.TestContextManager.prepareTestInstance(TestContextManager.java:260)
	at org.springframework.test.context.junit.jupiter.SpringExtension.postProcessTestInstance(SpringExtension.java:242)
	at org.junit.jupiter.engine.descriptor.ClassBasedTestDescriptor.lambda$invokeTestInstancePostProcessors$1(ClassBasedTestDescriptor.java:423)
	at org.junit.jupiter.engine.descriptor.ClassBasedTestDescriptor.executeAndMaskThrowable(ClassBasedTestDescriptor.java:428)
	at org.junit.jupiter.engine.descriptor.ClassBasedTestDescriptor.lambda$invokeTestInstancePostProcessors$0(ClassBasedTestDescriptor.java:422)
	at java.base/java.util.stream.ForEachOps$ForEachOp$OfRef.accept(ForEachOps.java:186)
	at java.base/java.util.stream.ReferencePipeline$3$1.accept(ReferencePipeline.java:214)
	at java.base/java.util.stream.ReferencePipeline$2$1.accept(ReferencePipeline.java:197)
	at java.base/java.util.stream.ReferencePipeline$3$1.accept(ReferencePipeline.java:214)
	at java.base/java.util.ArrayList$ArrayListSpliterator.forEachRemaining(ArrayList.java:1716)
	at java.base/java.util.stream.AbstractPipeline.copyInto(AbstractPipeline.java:570)
	at java.base/java.util.stream.AbstractPipeline.wrapAndCopyInto(AbstractPipeline.java:560)
	at java.base/java.util.stream.ForEachOps$ForEachOp.evaluateSequential(ForEachOps.java:153)
	at java.base/java.util.stream.ForEachOps$ForEachOp$OfRef.evaluateSequential(ForEachOps.java:176)
	at java.base/java.util.stream.AbstractPipeline.evaluate(AbstractPipeline.java:265)
	at java.base/java.util.stream.ReferencePipeline.forEach(ReferencePipeline.java:632)
	at org.junit.jupiter.engine.descriptor.ClassBasedTestDescriptor.invokeTestInstancePostProcessors(ClassBasedTestDescriptor.java:422)
	at org.junit.jupiter.engine.descriptor.ClassBasedTestDescriptor.lambda$instantiateAndPostProcessTestInstance$0(ClassBasedTestDescriptor.java:334)
	at org.junit.platform.engine.support.hierarchical.ThrowableCollector.execute(ThrowableCollector.java:74)
	at org.junit.jupiter.engine.descriptor.ClassBasedTestDescriptor.instantiateAndPostProcessTestInstance(ClassBasedTestDescriptor.java:333)
	at org.junit.jupiter.engine.descriptor.ClassBasedTestDescriptor.lambda$testInstancesProvider$1(ClassBasedTestDescriptor.java:322)
	at java.base/java.util.Optional.orElseGet(Optional.java:364)
	at org.junit.jupiter.engine.descriptor.ClassBasedTestDescriptor.lambda$testInstancesProvider$0(ClassBasedTestDescriptor.java:321)
	at org.junit.jupiter.engine.execution.TestInstancesProvider.getTestInstances(TestInstancesProvider.java:27)
	at org.junit.jupiter.engine.descriptor.TestMethodTestDescriptor.lambda$prepare$0(TestMethodTestDescriptor.java:127)
	at org.junit.platform.engine.support.hierarchical.ThrowableCollector.execute(ThrowableCollector.java:74)
	at org.junit.jupiter.engine.descriptor.TestMethodTestDescriptor.prepare(TestMethodTestDescriptor.java:126)
	at org.junit.jupiter.engine.descriptor.TestMethodTestDescriptor.prepare(TestMethodTestDescriptor.java:70)
	at org.junit.platform.engine.support.hierarchical.NodeTestTask.lambda$prepare$0(NodeTestTask.java:144)
	at org.junit.platform.engine.support.hierarchical.ThrowableCollector.execute(ThrowableCollector.java:74)
	at org.junit.platform.engine.support.hierarchical.NodeTestTask.prepare(NodeTestTask.java:144)
	at org.junit.platform.engine.support.hierarchical.NodeTestTask.execute(NodeTestTask.java:110)
	at java.base/java.util.ArrayList.forEach(ArrayList.java:1604)
	at org.junit.platform.engine.support.hierarchical.SameThreadHierarchicalTestExecutorService.invokeAll(SameThreadHierarchicalTestExecutorService.java:42)
	at org.junit.platform.engine.support.hierarchical.NodeTestTask.lambda$executeRecursively$2(NodeTestTask.java:180)
	at org.junit.platform.engine.support.hierarchical.ThrowableCollector.execute(ThrowableCollector.java:74)
	at org.junit.platform.engine.support.hierarchical.NodeTestTask.lambda$executeRecursively$1(NodeTestTask.java:166)
	at org.junit.platform.engine.support.hierarchical.Node.around(Node.java:138)
	at org.junit.platform.engine.support.hierarchical.NodeTestTask.lambda$executeRecursively$0(NodeTestTask.java:164)
	at org.junit.platform.engine.support.hierarchical.ThrowableCollector.execute(ThrowableCollector.java:74)
	at org.junit.platform.engine.support.hierarchical.NodeTestTask.executeRecursively(NodeTestTask.java:163)
	at org.junit.platform.engine.support.hierarchical.NodeTestTask.execute(NodeTestTask.java:116)
	at java.base/java.util.ArrayList.forEach(ArrayList.java:1604)
	at org.junit.platform.engine.support.hierarchical.SameThreadHierarchicalTestExecutorService.invokeAll(SameThreadHierarchicalTestExecutorService.java:42)
	at org.junit.platform.engine.support.hierarchical.NodeTestTask.lambda$executeRecursively$2(NodeTestTask.java:180)
	at org.junit.platform.engine.support.hierarchical.ThrowableCollector.execute(ThrowableCollector.java:74)
	at org.junit.platform.engine.support.hierarchical.NodeTestTask.lambda$executeRecursively$1(NodeTestTask.java:166)
	at org.junit.platform.engine.support.hierarchical.Node.around(Node.java:138)
	at org.junit.platform.engine.support.hierarchical.NodeTestTask.lambda$executeRecursively$0(NodeTestTask.java:164)
	at org.junit.platform.engine.support.hierarchical.ThrowableCollector.execute(ThrowableCollector.java:74)
	at org.junit.platform.engine.support.hierarchical.NodeTestTask.executeRecursively(NodeTestTask.java:163)
	at org.junit.platform.engine.support.hierarchical.NodeTestTask.execute(NodeTestTask.java:116)
	at org.junit.platform.engine.support.hierarchical.SameThreadHierarchicalTestExecutorService.submit(SameThreadHierarchicalTestExecutorService.java:36)
	at org.junit.platform.engine.support.hierarchical.HierarchicalTestExecutor.execute(HierarchicalTestExecutor.java:52)
	at org.junit.platform.engine.support.hierarchical.HierarchicalTestEngine.execute(HierarchicalTestEngine.java:58)
	at org.junit.platform.launcher.core.EngineExecutionOrchestrator.executeEngine(EngineExecutionOrchestrator.java:246)
	at org.junit.platform.launcher.core.EngineExecutionOrchestrator.failOrExecuteEngine(EngineExecutionOrchestrator.java:218)
	at org.junit.platform.launcher.core.EngineExecutionOrchestrator.execute(EngineExecutionOrchestrator.java:179)
	at org.junit.platform.launcher.core.EngineExecutionOrchestrator.execute(EngineExecutionOrchestrator.java:108)
	at org.junit.platform.launcher.core.EngineExecutionOrchestrator.lambda$execute$0(EngineExecutionOrchestrator.java:66)
	at org.junit.platform.launcher.core.EngineExecutionOrchestrator.withInterceptedStreams(EngineExecutionOrchestrator.java:157)
	at org.junit.platform.launcher.core.EngineExecutionOrchestrator.execute(EngineExecutionOrchestrator.java:65)
	at org.junit.platform.launcher.core.DefaultLauncher.execute(DefaultLauncher.java:125)
	at org.junit.platform.launcher.core.DefaultLauncher.execute(DefaultLauncher.java:114)
	at org.junit.platform.launcher.core.DefaultLauncher.execute(DefaultLauncher.java:93)
	at org.junit.platform.launcher.core.DelegatingLauncher.execute(DelegatingLauncher.java:48)
	at org.junit.platform.launcher.core.InterceptingLauncher.lambda$execute$0(InterceptingLauncher.java:41)
	at org.junit.platform.launcher.core.ClasspathAlignmentCheckingLauncherInterceptor.intercept(ClasspathAlignmentCheckingLauncherInterceptor.java:25)
	at org.junit.platform.launcher.core.InterceptingLauncher.execute(InterceptingLauncher.java:40)
	at org.junit.platform.launcher.core.DelegatingLauncher.execute(DelegatingLauncher.java:48)
	at org.gradle.api.internal.tasks.testing.junitplatform.JUnitPlatformTestDefinitionProcessor$CollectThenExecuteTestDefinitionConsumer.processAllTestDefinitions(JUnitPlatformTestDefinitionProcessor.java:179)
	at org.gradle.api.internal.tasks.testing.junitplatform.JUnitPlatformTestDefinitionProcessor$CollectThenExecuteTestDefinitionConsumer.access$000(JUnitPlatformTestDefinitionProcessor.java:122)
	at org.gradle.api.internal.tasks.testing.junitplatform.JUnitPlatformTestDefinitionProcessor.stop(JUnitPlatformTestDefinitionProcessor.java:116)
	at org.gradle.api.internal.tasks.testing.SuiteTestDefinitionProcessor.stop(SuiteTestDefinitionProcessor.java:63)
	at java.base/jdk.internal.reflect.DirectMethodHandleAccessor.invoke(DirectMethodHandleAccessor.java:104)
	at java.base/java.lang.reflect.Method.invoke(Method.java:565)
	at org.gradle.internal.dispatch.MethodInvocation.invokeOn(MethodInvocation.java:77)
	at org.gradle.internal.dispatch.ReflectionDispatch.dispatch(ReflectionDispatch.java:28)
	at org.gradle.internal.dispatch.ReflectionDispatch.dispatch(ReflectionDispatch.java:19)
	at org.gradle.internal.dispatch.ContextClassLoaderDispatch.dispatch(ContextClassLoaderDispatch.java:33)
	at org.gradle.internal.dispatch.ProxyDispatchAdapter$DispatchingInvocationHandler.invoke(ProxyDispatchAdapter.java:88)
	at jdk.proxy1/jdk.proxy1.$Proxy4.stop(Unknown Source)
	at org.gradle.api.internal.tasks.testing.worker.TestWorker$3.run(TestWorker.java:195)
	at org.gradle.api.internal.tasks.testing.worker.TestWorker.executeAndMaintainThreadName(TestWorker.java:126)
	at org.gradle.api.internal.tasks.testing.worker.TestWorker.execute(TestWorker.java:103)
	at org.gradle.api.internal.tasks.testing.worker.TestWorker.execute(TestWorker.java:63)
	at org.gradle.process.internal.worker.child.ActionExecutionWorker.execute(ActionExecutionWorker.java:56)
	at org.gradle.process.internal.worker.child.SystemApplicationClassLoaderWorker.call(SystemApplicationClassLoaderWorker.java:122)
	at org.gradle.process.internal.worker.child.SystemApplicationClassLoaderWorker.call(SystemApplicationClassLoaderWorker.java:72)
	at worker.org.gradle.process.internal.worker.GradleWorkerMain.run(GradleWorkerMain.java:69)
	at worker.org.gradle.process.internal.worker.GradleWorkerMain.main(GradleWorkerMain.java:74)
Caused by: org.springframework.beans.factory.BeanCreationException: Error creating bean with name 'entityManagerFactory' defined in class path resource [org/springframework/boot/hibernate/autoconfigure/HibernateJpaConfiguration.class]: Unable to build Hibernate SessionFactory  [persistence unit: default] ; nested exception is org.hibernate.exception.JDBCConnectionException: Unable to open JDBC Connection for DDL execution [Connection to localhost:5432 refused. Check that the hostname and port are correct and that the postmaster is accepting TCP/IP connections.] [n/a]
	at org.springframework.beans.factory.support.AbstractAutowireCapableBeanFactory.initializeBean(AbstractAutowireCapableBeanFactory.java:1817)
	at org.springframework.beans.factory.support.AbstractAutowireCapableBeanFactory.doCreateBean(AbstractAutowireCapableBeanFactory.java:603)
	at org.springframework.beans.factory.support.AbstractAutowireCapableBeanFactory.createBean(AbstractAutowireCapableBeanFactory.java:525)
	at org.springframework.beans.factory.support.AbstractBeanFactory.lambda$doGetBean$0(AbstractBeanFactory.java:333)
	at org.springframework.beans.factory.support.DefaultSingletonBeanRegistry.getSingleton(DefaultSingletonBeanRegistry.java:371)
	at org.springframework.beans.factory.support.AbstractBeanFactory.doGetBean(AbstractBeanFactory.java:331)
	at org.springframework.beans.factory.support.AbstractBeanFactory.getBean(AbstractBeanFactory.java:201)
	at org.springframework.context.support.AbstractApplicationContext.finishBeanFactoryInitialization(AbstractApplicationContext.java:977)
	at org.springframework.context.support.AbstractApplicationContext.refresh(AbstractApplicationContext.java:621)
	at org.springframework.boot.SpringApplication.refresh(SpringApplication.java:756)
	at org.springframework.boot.SpringApplication.refreshContext(SpringApplication.java:445)
	at org.springframework.boot.SpringApplication.run(SpringApplication.java:321)
	at org.springframework.boot.test.context.SpringBootContextLoader.lambda$loadContext$2(SpringBootContextLoader.java:155)
	at org.springframework.util.function.ThrowingSupplier.get(ThrowingSupplier.java:58)
	at org.springframework.util.function.ThrowingSupplier.get(ThrowingSupplier.java:46)
	at org.springframework.boot.SpringApplication.withHook(SpringApplication.java:1465)
	at org.springframework.boot.test.context.SpringBootContextLoader$ContextLoaderHook.run(SpringBootContextLoader.java:600)
	at org.springframework.boot.test.context.SpringBootContextLoader.loadContext(SpringBootContextLoader.java:155)
	at org.springframework.boot.test.context.SpringBootContextLoader.loadContext(SpringBootContextLoader.java:114)
	at org.springframework.test.context.cache.DefaultCacheAwareContextLoaderDelegate.loadContextInternal(DefaultCacheAwareContextLoaderDelegate.java:247)
	at org.springframework.test.context.cache.DefaultCacheAwareContextLoaderDelegate.lambda$loadContext$0(DefaultCacheAwareContextLoaderDelegate.java:167)
	... 96 common frames omitted
Caused by: jakarta.persistence.PersistenceException: Unable to build Hibernate SessionFactory  [persistence unit: default] ; nested exception is org.hibernate.exception.JDBCConnectionException: Unable to open JDBC Connection for DDL execution [Connection to localhost:5432 refused. Check that the hostname and port are correct and that the postmaster is accepting TCP/IP connections.] [n/a]
	at org.springframework.orm.jpa.AbstractEntityManagerFactoryBean.buildNativeEntityManagerFactory(AbstractEntityManagerFactoryBean.java:448)
	at org.springframework.orm.jpa.AbstractEntityManagerFactoryBean.afterPropertiesSet(AbstractEntityManagerFactoryBean.java:411)
	at org.springframework.orm.jpa.LocalContainerEntityManagerFactoryBean.afterPropertiesSet(LocalContainerEntityManagerFactoryBean.java:419)
	at org.springframework.beans.factory.support.AbstractAutowireCapableBeanFactory.invokeInitMethods(AbstractAutowireCapableBeanFactory.java:1864)
	at org.springframework.beans.factory.support.AbstractAutowireCapableBeanFactory.initializeBean(AbstractAutowireCapableBeanFactory.java:1813)
	... 116 common frames omitted
Caused by: org.hibernate.exception.JDBCConnectionException: Unable to open JDBC Connection for DDL execution [Connection to localhost:5432 refused. Check that the hostname and port are correct and that the postmaster is accepting TCP/IP connections.] [n/a]
	at org.hibernate.exception.internal.SQLStateConversionDelegate.convert(SQLStateConversionDelegate.java:80)
	at org.hibernate.exception.internal.StandardSQLExceptionConverter.convert(StandardSQLExceptionConverter.java:34)
	at org.hibernate.engine.jdbc.spi.SqlExceptionHelper.convert(SqlExceptionHelper.java:115)
	at org.hibernate.engine.jdbc.spi.SqlExceptionHelper.convert(SqlExceptionHelper.java:101)
	at org.hibernate.resource.transaction.backend.jdbc.internal.DdlTransactionIsolatorNonJtaImpl.getIsolatedConnection(DdlTransactionIsolatorNonJtaImpl.java:71)
	at org.hibernate.resource.transaction.backend.jdbc.internal.DdlTransactionIsolatorNonJtaImpl.getIsolatedConnection(DdlTransactionIsolatorNonJtaImpl.java:37)
	at org.hibernate.tool.schema.internal.exec.ImprovedExtractionContextImpl.getJdbcConnection(ImprovedExtractionContextImpl.java:61)
	at org.hibernate.tool.schema.extract.spi.ExtractionContext.getQueryResults(ExtractionContext.java:41)
	at org.hibernate.tool.schema.extract.internal.SequenceInformationExtractorLegacyImpl.extractMetadata(SequenceInformationExtractorLegacyImpl.java:36)
	at org.hibernate.tool.schema.extract.internal.DatabaseInformationImpl.initializeSequences(DatabaseInformationImpl.java:73)
	at org.hibernate.tool.schema.extract.internal.DatabaseInformationImpl.<init>(DatabaseInformationImpl.java:63)
	at org.hibernate.tool.schema.internal.Helper.buildDatabaseInformation(Helper.java:174)
	at org.hibernate.tool.schema.internal.AbstractSchemaValidator.doValidation(AbstractSchemaValidator.java:66)
	at org.hibernate.tool.schema.spi.SchemaManagementToolCoordinator.performDatabaseAction(SchemaManagementToolCoordinator.java:278)
	at org.hibernate.tool.schema.spi.SchemaManagementToolCoordinator.lambda$process$1(SchemaManagementToolCoordinator.java:101)
	at java.base/java.util.HashMap.forEach(HashMap.java:1430)
	at org.hibernate.tool.schema.spi.SchemaManagementToolCoordinator.process(SchemaManagementToolCoordinator.java:100)
	at org.hibernate.boot.internal.SessionFactoryObserverForSchemaExport.sessionFactoryCreated(SessionFactoryObserverForSchemaExport.java:35)
	at org.hibernate.internal.SessionFactoryObserverChain.sessionFactoryCreated(SessionFactoryObserverChain.java:33)
	at org.hibernate.internal.SessionFactoryImpl.<init>(SessionFactoryImpl.java:323)
	at org.hibernate.internal.SessionFactoryRegistry.instantiateSessionFactory(SessionFactoryRegistry.java:64)
	at org.hibernate.boot.internal.SessionFactoryBuilderImpl.build(SessionFactoryBuilderImpl.java:437)
	at org.hibernate.jpa.boot.internal.EntityManagerFactoryBuilderImpl.build(EntityManagerFactoryBuilderImpl.java:1456)
	at org.springframework.orm.jpa.vendor.SpringHibernateJpaPersistenceProvider.createContainerEntityManagerFactory(SpringHibernateJpaPersistenceProvider.java:93)
	at org.springframework.orm.jpa.LocalContainerEntityManagerFactoryBean.createNativeEntityManagerFactory(LocalContainerEntityManagerFactoryBean.java:443)
	at org.springframework.orm.jpa.AbstractEntityManagerFactoryBean.buildNativeEntityManagerFactory(AbstractEntityManagerFactoryBean.java:436)
	... 120 common frames omitted
Caused by: org.postgresql.util.PSQLException: Connection to localhost:5432 refused. Check that the hostname and port are correct and that the postmaster is accepting TCP/IP connections.
	at org.postgresql.core.v3.ConnectionFactoryImpl.openConnectionImpl(ConnectionFactoryImpl.java:342)
	at org.postgresql.core.ConnectionFactory.openConnection(ConnectionFactory.java:54)
	at org.postgresql.jdbc.PgConnection.<init>(PgConnection.java:263)
	at org.postgresql.Driver.makeConnection(Driver.java:444)
	at org.postgresql.Driver.connect(Driver.java:297)
	at com.zaxxer.hikari.util.DriverDataSource.getConnection(DriverDataSource.java:144)
	at com.zaxxer.hikari.pool.PoolBase.newConnection(PoolBase.java:373)
	at com.zaxxer.hikari.pool.PoolBase.newPoolEntry(PoolBase.java:210)
	at com.zaxxer.hikari.pool.HikariPool.createPoolEntry(HikariPool.java:488)
	at com.zaxxer.hikari.pool.HikariPool.checkFailFast(HikariPool.java:576)
	at com.zaxxer.hikari.pool.HikariPool.<init>(HikariPool.java:97)
	at com.zaxxer.hikari.HikariDataSource.getConnection(HikariDataSource.java:111)
	at org.hibernate.engine.jdbc.connections.internal.DataSourceConnectionProvider.getConnection(DataSourceConnectionProvider.java:137)
	at org.hibernate.engine.jdbc.env.internal.JdbcEnvironmentInitiator$ConnectionProviderJdbcConnectionAccess.obtainConnection(JdbcEnvironmentInitiator.java:508)
	at org.hibernate.resource.transaction.backend.jdbc.internal.DdlTransactionIsolatorNonJtaImpl.getIsolatedConnection(DdlTransactionIsolatorNonJtaImpl.java:44)
	... 141 common frames omitted
Caused by: java.net.ConnectException: Connection refused: getsockopt
	at java.base/sun.nio.ch.Net.pollConnect(Native Method)
	at java.base/sun.nio.ch.Net.pollConnectNow(Net.java:639)
	at java.base/sun.nio.ch.NioSocketImpl.timedFinishConnect(NioSocketImpl.java:543)
	at java.base/sun.nio.ch.NioSocketImpl.connect(NioSocketImpl.java:594)
	at java.base/java.net.SocksSocketImpl.connect(SocksSocketImpl.java:284)
	at java.base/java.net.Socket.connect(Socket.java:659)
	at org.postgresql.core.PGStream.createSocket(PGStream.java:243)
	at org.postgresql.core.PGStream.<init>(PGStream.java:98)
	at org.postgresql.core.v3.ConnectionFactoryImpl.tryConnect(ConnectionFactoryImpl.java:132)
	at org.postgresql.core.v3.ConnectionFactoryImpl.openConnectionImpl(ConnectionFactoryImpl.java:258)
	... 155 common frames omitted
2026-05-16 12:23:55 [Test worker] WARN  o.s.b.t.j.DuplicateJsonObjectContextCustomizerFactory$DuplicateJsonObjectContextCustomizer - 

Found multiple occurrences of org.json.JSONObject on the class path:

	jar:file:/C:/Users/Manjunath/.gradle/caches/modules-2/files-2.1/org.json/json/20180130/26ba2ec0e791a32ea5dfbedfcebf36447ee5b12c/json-20180130.jar!/org/json/JSONObject.class
	jar:file:/C:/Users/Manjunath/.gradle/caches/modules-2/files-2.1/com.vaadin.external.google/android-json/0.0.20131108.vaadin1/fa26d351fe62a6a17f5cda1287c1c6110dec413f/android-json-0.0.20131108.vaadin1.jar!/org/json/JSONObject.class

You may wish to exclude one of them to ensure predictable runtime behavior

2026-05-16 12:23:55 [Test worker] INFO  c.p.d.DrockleyApplicationTests - Starting DrockleyApplicationTests using Java 25.0.2 with PID 35800 (started by Manjunath in C:\Users\Manjunath\OneDrive\Desktop\drockley)
2026-05-16 12:23:55 [Test worker] DEBUG c.p.d.DrockleyApplicationTests - Running with Spring Boot v4.0.6, Spring v7.0.7
2026-05-16 12:23:55 [Test worker] INFO  c.p.d.DrockleyApplicationTests - No active profile set, falling back to 1 default profile: "default"
2026-05-16 12:23:56 [Test worker] DEBUG o.s.w.c.s.GenericWebApplicationContext - Refreshing org.springframework.web.context.support.GenericWebApplicationContext@70e94ecb
2026-05-16 12:24:01 [Test worker] INFO  o.s.d.r.c.RepositoryConfigurationDelegate - Bootstrapping Spring Data JPA repositories in DEFAULT mode.
2026-05-16 12:24:02 [Test worker] INFO  o.s.d.r.c.RepositoryConfigurationDelegate - Finished Spring Data repository scanning in 438 ms. Found 8 JPA repository interfaces.
2026-05-16 12:24:07 [Test worker] INFO  org.hibernate.orm.jpa - HHH008540: Processing PersistenceUnitInfo [name: default]
2026-05-16 12:24:08 [Test worker] INFO  org.hibernate.orm.core - HHH000001: Hibernate ORM core version 7.2.12.Final
2026-05-16 12:24:17 [Test worker] INFO  o.s.o.j.p.SpringPersistenceUnitInfo - No LoadTimeWeaver setup: ignoring JPA class transformer
2026-05-16 12:24:17 [Test worker] INFO  com.zaxxer.hikari.HikariDataSource - HikariPool-1 - Starting...
2026-05-16 12:24:19 [Test worker] INFO  com.zaxxer.hikari.pool.HikariPool - HikariPool-1 - Added connection conn0: url=jdbc:h2:mem:drockley_test user=SA
2026-05-16 12:24:19 [Test worker] INFO  com.zaxxer.hikari.HikariDataSource - HikariPool-1 - Start completed.
2026-05-16 12:24:20 [Test worker] WARN  org.hibernate.orm.core - HHH000511: The 2.4.240 version for [org.hibernate.dialect.PostgreSQLDialect] is no longer supported, hence certain features may not work properly.The minimum supported version is 13.0.0. Check the community dialects project for available legacy versions.
2026-05-16 12:24:20 [Test worker] WARN  org.hibernate.orm.deprecation - HHH90000025: PostgreSQLDialect does not need to be specified explicitly using 'hibernate.dialect' (remove the property setting and it will be selected by default)
2026-05-16 12:24:20 [Test worker] INFO  o.hibernate.orm.connections.pooling - HHH10001005: Database info:
	Database JDBC URL [jdbc:h2:mem:drockley_test]
	Database driver: H2 JDBC Driver
	Database dialect: PostgreSQLDialect
	Database version: 2.4.240
	Default catalog/schema: DROCKLEY_TEST/PUBLIC
	Autocommit mode: undefined/unknown
	Isolation level: READ_COMMITTED [default READ_COMMITTED]
	JDBC fetch size: 100
	Pool: DataSourceConnectionProvider
	Minimum pool size: undefined/unknown
	Maximum pool size: undefined/unknown
2026-05-16 12:24:36 [Test worker] INFO  org.hibernate.orm.core - HHH000489: No JTA platform available (set 'hibernate.transaction.jta.platform' to enable JTA platform integration)
2026-05-16 12:24:36 [Test worker] INFO  org.hibernate.orm.jdbc.batch - HHH100501: Automatic JDBC statement batching enabled (maximum batch size 20)
2026-05-16 12:24:36 [Test worker] DEBUG org.hibernate.SQL - 
    set client_min_messages = WARNING
2026-05-16 12:24:36 [Test worker] DEBUG org.hibernate.SQL - 
    alter table if exists availability_slots 
       drop constraint if exists FKn2vpqvod7y41or1ixoyog2nk2
2026-05-16 12:24:36 [Test worker] DEBUG org.hibernate.SQL - 
    alter table if exists bookings 
       drop constraint if exists FKjwwpjbjcfyovdvkw8mv7n6tre
2026-05-16 12:24:36 [Test worker] DEBUG org.hibernate.SQL - 
    alter table if exists bookings 
       drop constraint if exists FKescitlbli6inbb45u6c0ytb4t
2026-05-16 12:24:36 [Test worker] DEBUG org.hibernate.SQL - 
    alter table if exists bookings 
       drop constraint if exists FKeyog2oic85xg7hsu2je2lx3s6
2026-05-16 12:24:36 [Test worker] DEBUG org.hibernate.SQL - 
    alter table if exists expert_expertise 
       drop constraint if exists FKrh70nqipdmx0hcpx12w5u5fqt
2026-05-16 12:24:36 [Test worker] DEBUG org.hibernate.SQL - 
    alter table if exists expert_expertise 
       drop constraint if exists FK9fnutiag6ajxgq86yfttxxle6
2026-05-16 12:24:36 [Test worker] DEBUG org.hibernate.SQL - 
    alter table if exists expert_profiles 
       drop constraint if exists FKkks225ifqx1dyudon32afq4h7
2026-05-16 12:24:36 [Test worker] DEBUG org.hibernate.SQL - 
    alter table if exists payments 
       drop constraint if exists FKc52o2b1jkxttngufqp3t7jr3h
2026-05-16 12:24:36 [Test worker] DEBUG org.hibernate.SQL - 
    alter table if exists reviews 
       drop constraint if exists FK28an517hrxtt2bsg93uefugrm
2026-05-16 12:24:36 [Test worker] DEBUG org.hibernate.SQL - 
    alter table if exists reviews 
       drop constraint if exists FKnd3ibfyntxumbd6wkmuufeogf
2026-05-16 12:24:36 [Test worker] DEBUG org.hibernate.SQL - 
    alter table if exists reviews 
       drop constraint if exists FKd1isgfajhtdl8mgg29up6mofi
2026-05-16 12:24:36 [Test worker] DEBUG org.hibernate.SQL - 
    alter table if exists sessions 
       drop constraint if exists FK9sv19evftr9scoo1vdo2xu6vn
2026-05-16 12:24:36 [Test worker] DEBUG org.hibernate.SQL - 
    drop table if exists availability_slots cascade
2026-05-16 12:24:36 [Test worker] DEBUG org.hibernate.SQL - 
    drop table if exists bookings cascade
2026-05-16 12:24:36 [Test worker] DEBUG org.hibernate.SQL - 
    drop table if exists expert_expertise cascade
2026-05-16 12:24:36 [Test worker] DEBUG org.hibernate.SQL - 
    drop table if exists expert_profiles cascade
2026-05-16 12:24:36 [Test worker] DEBUG org.hibernate.SQL - 
    drop table if exists expertises cascade
2026-05-16 12:24:36 [Test worker] DEBUG org.hibernate.SQL - 
    drop table if exists payments cascade
2026-05-16 12:24:36 [Test worker] DEBUG org.hibernate.SQL - 
    drop table if exists reviews cascade
2026-05-16 12:24:36 [Test worker] DEBUG org.hibernate.SQL - 
    drop table if exists sessions cascade
2026-05-16 12:24:36 [Test worker] DEBUG org.hibernate.SQL - 
    drop table if exists users cascade
2026-05-16 12:24:36 [Test worker] DEBUG org.hibernate.SQL - 
    create table availability_slots (
        booked boolean not null,
        created_at timestamp(6),
        end_time timestamp(6) not null,
        start_time timestamp(6) not null,
        expert_profile_id uuid not null,
        id uuid not null,
        timezone varchar(50),
        primary key (id)
    )
2026-05-16 12:24:37 [Test worker] DEBUG org.hibernate.SQL - 
    create table bookings (
        amount numeric(10,2) not null,
        booking_time timestamp(6),
        created_at timestamp(6),
        availability_slot_id uuid not null unique,
        expert_profile_id uuid not null,
        id uuid not null,
        user_id uuid not null,
        booking_status varchar(255) not null check ((booking_status in ('PENDING','CONFIRMED','CANCELLED','COMPLETED','FAILED'))),
        payment_status varchar(255) not null check ((payment_status in ('INITIATED','SUCCESS','FAILED','REFUNDED'))),
        primary key (id)
    )
2026-05-16 12:24:37 [Test worker] DEBUG org.hibernate.SQL - 
    create table expert_expertise (
        expert_id uuid not null,
        expertise_id uuid not null,
        primary key (expert_id, expertise_id)
    )
2026-05-16 12:24:37 [Test worker] DEBUG org.hibernate.SQL - 
    create table expert_profiles (
        avg_rating float(53) not null,
        experience_years integer not null check ((experience_years>=0)),
        hourly_rate numeric(10,2) not null,
        total_sessions integer not null,
        created_at timestamp(6),
        updated_at timestamp(6),
        id uuid not null,
        user_id uuid not null unique,
        bio TEXT not null,
        headline varchar(255) not null,
        linkedin_url varchar(255),
        verification_status varchar(255) not null check ((verification_status in ('PENDING','VERIFIED','REJECTED'))),
        primary key (id)
    )
2026-05-16 12:24:37 [Test worker] DEBUG org.hibernate.SQL - 
    create table expertises (
        id uuid not null,
        category varchar(100) not null,
        name varchar(100) not null,
        primary key (id),
        unique (name, category)
    )
2026-05-16 12:24:37 [Test worker] DEBUG org.hibernate.SQL - 
    create table payments (
        amount numeric(10,2) not null,
        currency varchar(3),
        created_at timestamp(6),
        paid_at timestamp(6),
        booking_id uuid not null unique,
        id uuid not null,
        payment_gateway varchar(50),
        transaction_id varchar(100),
        payment_status varchar(255) not null check ((payment_status in ('INITIATED','SUCCESS','FAILED','REFUNDED'))),
        primary key (id)
    )
2026-05-16 12:24:37 [Test worker] DEBUG org.hibernate.SQL - 
    create table reviews (
        rating integer not null check ((rating<=5) and (rating>=1)),
        created_at timestamp(6),
        booking_id uuid not null unique,
        expert_profile_id uuid not null,
        id uuid not null,
        reviewer_id uuid not null,
        comment TEXT,
        primary key (id)
    )
2026-05-16 12:24:37 [Test worker] DEBUG org.hibernate.SQL - 
    create table sessions (
        end_time timestamp(6),
        start_time timestamp(6),
        booking_id uuid not null unique,
        id uuid not null,
        meeting_link varchar(500),
        recording_url varchar(500),
        session_status varchar(255) not null check ((session_status in ('SCHEDULED','ONGOING','COMPLETED','CANCELLED'))),
        primary key (id)
    )
2026-05-16 12:24:37 [Test worker] DEBUG org.hibernate.SQL - 
    create table users (
        email_verified boolean not null,
        created_at timestamp(6),
        last_login_at timestamp(6),
        updated_at timestamp(6),
        id uuid not null,
        phone_number varchar(20) not null,
        first_name varchar(100) not null,
        last_name varchar(100),
        email varchar(255) not null unique,
        password varchar(255) not null,
        profile_picture_url varchar(255),
        role varchar(255) not null check ((role in ('ROLE_USER','ROLE_EXPERT','ROLE_ADMIN'))),
        status varchar(255) not null check ((status in ('ACTIVE','INACTIVE','BLOCKED','DELETED'))),
        primary key (id)
    )
2026-05-16 12:24:37 [Test worker] DEBUG org.hibernate.SQL - 
    create index idx_slot_expert 
       on availability_slots (expert_profile_id)
2026-05-16 12:24:37 [Test worker] DEBUG org.hibernate.SQL - 
    create index idx_slot_start_time 
       on availability_slots (start_time)
2026-05-16 12:24:37 [Test worker] DEBUG org.hibernate.SQL - 
    create index idx_slot_booked 
       on availability_slots (booked)
2026-05-16 12:24:37 [Test worker] DEBUG org.hibernate.SQL - 
    create index idx_booking_user 
       on bookings (user_id)
2026-05-16 12:24:37 [Test worker] DEBUG org.hibernate.SQL - 
    create index idx_booking_expert 
       on bookings (expert_profile_id)
2026-05-16 12:24:37 [Test worker] DEBUG org.hibernate.SQL - 
    create index idx_booking_status 
       on bookings (booking_status)
2026-05-16 12:24:37 [Test worker] DEBUG org.hibernate.SQL - 
    create index idx_expert_user 
       on expert_profiles (user_id)
2026-05-16 12:24:37 [Test worker] DEBUG org.hibernate.SQL - 
    create index idx_expert_verification 
       on expert_profiles (verification_status)
2026-05-16 12:24:37 [Test worker] DEBUG org.hibernate.SQL - 
    create index idx_expert_rating 
       on expert_profiles (avg_rating)
2026-05-16 12:24:37 [Test worker] DEBUG org.hibernate.SQL - 
    create index idx_expertise_category 
       on expertises (category)
2026-05-16 12:24:37 [Test worker] DEBUG org.hibernate.SQL - 
    create index idx_payment_booking 
       on payments (booking_id)
2026-05-16 12:24:37 [Test worker] DEBUG org.hibernate.SQL - 
    create index idx_payment_status 
       on payments (payment_status)
2026-05-16 12:24:37 [Test worker] DEBUG org.hibernate.SQL - 
    create index idx_review_booking 
       on reviews (booking_id)
2026-05-16 12:24:37 [Test worker] DEBUG org.hibernate.SQL - 
    create index idx_review_expert 
       on reviews (expert_profile_id)
2026-05-16 12:24:37 [Test worker] DEBUG org.hibernate.SQL - 
    create index idx_review_reviewer 
       on reviews (reviewer_id)
2026-05-16 12:24:37 [Test worker] DEBUG org.hibernate.SQL - 
    create index idx_session_booking 
       on sessions (booking_id)
2026-05-16 12:24:37 [Test worker] DEBUG org.hibernate.SQL - 
    create index idx_session_status 
       on sessions (session_status)
2026-05-16 12:24:37 [Test worker] DEBUG org.hibernate.SQL - 
    create index idx_user_email 
       on users (email)
2026-05-16 12:24:37 [Test worker] DEBUG org.hibernate.SQL - 
    create index idx_user_status 
       on users (status)
2026-05-16 12:24:37 [Test worker] DEBUG org.hibernate.SQL - 
    alter table if exists availability_slots 
       add constraint FKn2vpqvod7y41or1ixoyog2nk2 
       foreign key (expert_profile_id) 
       references expert_profiles
2026-05-16 12:24:37 [Test worker] DEBUG org.hibernate.SQL - 
    alter table if exists bookings 
       add constraint FKjwwpjbjcfyovdvkw8mv7n6tre 
       foreign key (availability_slot_id) 
       references availability_slots
2026-05-16 12:24:37 [Test worker] DEBUG org.hibernate.SQL - 
    alter table if exists bookings 
       add constraint FKescitlbli6inbb45u6c0ytb4t 
       foreign key (expert_profile_id) 
       references expert_profiles
2026-05-16 12:24:37 [Test worker] DEBUG org.hibernate.SQL - 
    alter table if exists bookings 
       add constraint FKeyog2oic85xg7hsu2je2lx3s6 
       foreign key (user_id) 
       references users
2026-05-16 12:24:37 [Test worker] DEBUG org.hibernate.SQL - 
    alter table if exists expert_expertise 
       add constraint FKrh70nqipdmx0hcpx12w5u5fqt 
       foreign key (expertise_id) 
       references expertises
2026-05-16 12:24:37 [Test worker] DEBUG org.hibernate.SQL - 
    alter table if exists expert_expertise 
       add constraint FK9fnutiag6ajxgq86yfttxxle6 
       foreign key (expert_id) 
       references expert_profiles
2026-05-16 12:24:37 [Test worker] DEBUG org.hibernate.SQL - 
    alter table if exists expert_profiles 
       add constraint FKkks225ifqx1dyudon32afq4h7 
       foreign key (user_id) 
       references users
2026-05-16 12:24:37 [Test worker] DEBUG org.hibernate.SQL - 
    alter table if exists payments 
       add constraint FKc52o2b1jkxttngufqp3t7jr3h 
       foreign key (booking_id) 
       references bookings
2026-05-16 12:24:37 [Test worker] DEBUG org.hibernate.SQL - 
    alter table if exists reviews 
       add constraint FK28an517hrxtt2bsg93uefugrm 
       foreign key (booking_id) 
       references bookings
2026-05-16 12:24:37 [Test worker] DEBUG org.hibernate.SQL - 
    alter table if exists reviews 
       add constraint FKnd3ibfyntxumbd6wkmuufeogf 
       foreign key (expert_profile_id) 
       references expert_profiles
2026-05-16 12:24:37 [Test worker] DEBUG org.hibernate.SQL - 
    alter table if exists reviews 
       add constraint FKd1isgfajhtdl8mgg29up6mofi 
       foreign key (reviewer_id) 
       references users
2026-05-16 12:24:37 [Test worker] DEBUG org.hibernate.SQL - 
    alter table if exists sessions 
       add constraint FK9sv19evftr9scoo1vdo2xu6vn 
       foreign key (booking_id) 
       references bookings
2026-05-16 12:24:37 [Test worker] INFO  o.s.o.j.LocalContainerEntityManagerFactoryBean - Initialized JPA EntityManagerFactory for persistence unit 'default'
2026-05-16 12:24:38 [Test worker] INFO  o.s.d.j.r.q.QueryEnhancerFactories - Hibernate is in classpath; If applicable, HQL parser will be used.
2026-05-16 12:24:40 [Test worker] WARN  o.s.w.c.s.GenericWebApplicationContext - Exception encountered during context initialization - cancelling refresh attempt: org.springframework.beans.factory.UnsatisfiedDependencyException: Error creating bean with name 'authController' defined in file [C:\Users\Manjunath\OneDrive\Desktop\drockley\build-codex-4\classes\java\main\com\platform\drockley\auth\controller\AuthController.class]: Unsatisfied dependency expressed through constructor parameter 0: Error creating bean with name 'authServiceImpl' defined in file [C:\Users\Manjunath\OneDrive\Desktop\drockley\build-codex-4\classes\java\main\com\platform\drockley\auth\service\impl\AuthServiceImpl.class]: Unsatisfied dependency expressed through constructor parameter 1: Error creating bean with name 'securityConfig' defined in file [C:\Users\Manjunath\OneDrive\Desktop\drockley\build-codex-4\classes\java\main\com\platform\drockley\config\SecurityConfig.class]: Unsatisfied dependency expressed through constructor parameter 0: Error creating bean with name 'jwtAuthenticationFilter' defined in file [C:\Users\Manjunath\OneDrive\Desktop\drockley\build-codex-4\classes\java\main\com\platform\drockley\security\JwtAuthenticationFilter.class]: Unsatisfied dependency expressed through constructor parameter 0: Error creating bean with name 'jwtTokenProvider' defined in file [C:\Users\Manjunath\OneDrive\Desktop\drockley\build-codex-4\classes\java\main\com\platform\drockley\security\JwtTokenProvider.class]: Failed to instantiate [com.platform.drockley.security.JwtTokenProvider]: Constructor threw exception
2026-05-16 12:24:40 [Test worker] INFO  o.s.o.j.LocalContainerEntityManagerFactoryBean - Closing JPA EntityManagerFactory for persistence unit 'default'
2026-05-16 12:24:40 [Test worker] DEBUG org.hibernate.SQL - 
    set client_min_messages = WARNING
2026-05-16 12:24:40 [Test worker] DEBUG org.hibernate.SQL - 
    alter table if exists availability_slots 
       drop constraint if exists FKn2vpqvod7y41or1ixoyog2nk2
2026-05-16 12:24:40 [Test worker] DEBUG org.hibernate.SQL - 
    alter table if exists bookings 
       drop constraint if exists FKjwwpjbjcfyovdvkw8mv7n6tre
2026-05-16 12:24:40 [Test worker] DEBUG org.hibernate.SQL - 
    alter table if exists bookings 
       drop constraint if exists FKescitlbli6inbb45u6c0ytb4t
2026-05-16 12:24:40 [Test worker] DEBUG org.hibernate.SQL - 
    alter table if exists bookings 
       drop constraint if exists FKeyog2oic85xg7hsu2je2lx3s6
2026-05-16 12:24:40 [Test worker] DEBUG org.hibernate.SQL - 
    alter table if exists expert_expertise 
       drop constraint if exists FKrh70nqipdmx0hcpx12w5u5fqt
2026-05-16 12:24:40 [Test worker] DEBUG org.hibernate.SQL - 
    alter table if exists expert_expertise 
       drop constraint if exists FK9fnutiag6ajxgq86yfttxxle6
2026-05-16 12:24:40 [Test worker] DEBUG org.hibernate.SQL - 
    alter table if exists expert_profiles 
       drop constraint if exists FKkks225ifqx1dyudon32afq4h7
2026-05-16 12:24:40 [Test worker] DEBUG org.hibernate.SQL - 
    alter table if exists payments 
       drop constraint if exists FKc52o2b1jkxttngufqp3t7jr3h
2026-05-16 12:24:40 [Test worker] DEBUG org.hibernate.SQL - 
    alter table if exists reviews 
       drop constraint if exists FK28an517hrxtt2bsg93uefugrm
2026-05-16 12:24:40 [Test worker] DEBUG org.hibernate.SQL - 
    alter table if exists reviews 
       drop constraint if exists FKnd3ibfyntxumbd6wkmuufeogf
2026-05-16 12:24:40 [Test worker] DEBUG org.hibernate.SQL - 
    alter table if exists reviews 
       drop constraint if exists FKd1isgfajhtdl8mgg29up6mofi
2026-05-16 12:24:40 [Test worker] DEBUG org.hibernate.SQL - 
    alter table if exists sessions 
       drop constraint if exists FK9sv19evftr9scoo1vdo2xu6vn
2026-05-16 12:24:40 [Test worker] DEBUG org.hibernate.SQL - 
    drop table if exists availability_slots cascade
2026-05-16 12:24:40 [Test worker] DEBUG org.hibernate.SQL - 
    drop table if exists bookings cascade
2026-05-16 12:24:40 [Test worker] DEBUG org.hibernate.SQL - 
    drop table if exists expert_expertise cascade
2026-05-16 12:24:40 [Test worker] DEBUG org.hibernate.SQL - 
    drop table if exists expert_profiles cascade
2026-05-16 12:24:40 [Test worker] DEBUG org.hibernate.SQL - 
    drop table if exists expertises cascade
2026-05-16 12:24:41 [Test worker] DEBUG org.hibernate.SQL - 
    drop table if exists payments cascade
2026-05-16 12:24:41 [Test worker] DEBUG org.hibernate.SQL - 
    drop table if exists reviews cascade
2026-05-16 12:24:41 [Test worker] DEBUG org.hibernate.SQL - 
    drop table if exists sessions cascade
2026-05-16 12:24:41 [Test worker] DEBUG org.hibernate.SQL - 
    drop table if exists users cascade
2026-05-16 12:24:41 [Test worker] INFO  com.zaxxer.hikari.HikariDataSource - HikariPool-1 - Shutdown initiated...
2026-05-16 12:24:41 [Test worker] INFO  com.zaxxer.hikari.HikariDataSource - HikariPool-1 - Shutdown completed.
2026-05-16 12:24:41 [Test worker] INFO  o.s.b.a.l.ConditionEvaluationReportLogger - 

Error starting ApplicationContext. To display the condition evaluation report re-run your application with 'debug' enabled.
2026-05-16 12:24:41 [Test worker] ERROR o.s.boot.SpringApplication - Application run failed
org.springframework.beans.factory.UnsatisfiedDependencyException: Error creating bean with name 'authController' defined in file [C:\Users\Manjunath\OneDrive\Desktop\drockley\build-codex-4\classes\java\main\com\platform\drockley\auth\controller\AuthController.class]: Unsatisfied dependency expressed through constructor parameter 0: Error creating bean with name 'authServiceImpl' defined in file [C:\Users\Manjunath\OneDrive\Desktop\drockley\build-codex-4\classes\java\main\com\platform\drockley\auth\service\impl\AuthServiceImpl.class]: Unsatisfied dependency expressed through constructor parameter 1: Error creating bean with name 'securityConfig' defined in file [C:\Users\Manjunath\OneDrive\Desktop\drockley\build-codex-4\classes\java\main\com\platform\drockley\config\SecurityConfig.class]: Unsatisfied dependency expressed through constructor parameter 0: Error creating bean with name 'jwtAuthenticationFilter' defined in file [C:\Users\Manjunath\OneDrive\Desktop\drockley\build-codex-4\classes\java\main\com\platform\drockley\security\JwtAuthenticationFilter.class]: Unsatisfied dependency expressed through constructor parameter 0: Error creating bean with name 'jwtTokenProvider' defined in file [C:\Users\Manjunath\OneDrive\Desktop\drockley\build-codex-4\classes\java\main\com\platform\drockley\security\JwtTokenProvider.class]: Failed to instantiate [com.platform.drockley.security.JwtTokenProvider]: Constructor threw exception
	at org.springframework.beans.factory.support.ConstructorResolver.createArgumentArray(ConstructorResolver.java:804)
	at org.springframework.beans.factory.support.ConstructorResolver.autowireConstructor(ConstructorResolver.java:240)
	at org.springframework.beans.factory.support.AbstractAutowireCapableBeanFactory.autowireConstructor(AbstractAutowireCapableBeanFactory.java:1382)
	at org.springframework.beans.factory.support.AbstractAutowireCapableBeanFactory.createBeanInstance(AbstractAutowireCapableBeanFactory.java:1221)
	at org.springframework.beans.factory.support.AbstractAutowireCapableBeanFactory.doCreateBean(AbstractAutowireCapableBeanFactory.java:565)
	at org.springframework.beans.factory.support.AbstractAutowireCapableBeanFactory.createBean(AbstractAutowireCapableBeanFactory.java:525)
	at org.springframework.beans.factory.support.AbstractBeanFactory.lambda$doGetBean$0(AbstractBeanFactory.java:333)
	at org.springframework.beans.factory.support.DefaultSingletonBeanRegistry.getSingleton(DefaultSingletonBeanRegistry.java:371)
	at org.springframework.beans.factory.support.AbstractBeanFactory.doGetBean(AbstractBeanFactory.java:331)
	at org.springframework.beans.factory.support.AbstractBeanFactory.getBean(AbstractBeanFactory.java:196)
	at org.springframework.beans.factory.support.DefaultListableBeanFactory.instantiateSingleton(DefaultListableBeanFactory.java:1218)
	at org.springframework.beans.factory.support.DefaultListableBeanFactory.preInstantiateSingleton(DefaultListableBeanFactory.java:1184)
	at org.springframework.beans.factory.support.DefaultListableBeanFactory.preInstantiateSingletons(DefaultListableBeanFactory.java:1121)
	at org.springframework.context.support.AbstractApplicationContext.finishBeanFactoryInitialization(AbstractApplicationContext.java:994)
	at org.springframework.context.support.AbstractApplicationContext.refresh(AbstractApplicationContext.java:621)
	at org.springframework.boot.SpringApplication.refresh(SpringApplication.java:756)
	at org.springframework.boot.SpringApplication.refreshContext(SpringApplication.java:445)
	at org.springframework.boot.SpringApplication.run(SpringApplication.java:321)
	at org.springframework.boot.test.context.SpringBootContextLoader.lambda$loadContext$2(SpringBootContextLoader.java:155)
	at org.springframework.util.function.ThrowingSupplier.get(ThrowingSupplier.java:58)
	at org.springframework.util.function.ThrowingSupplier.get(ThrowingSupplier.java:46)
	at org.springframework.boot.SpringApplication.withHook(SpringApplication.java:1465)
	at org.springframework.boot.test.context.SpringBootContextLoader$ContextLoaderHook.run(SpringBootContextLoader.java:600)
	at org.springframework.boot.test.context.SpringBootContextLoader.loadContext(SpringBootContextLoader.java:155)
	at org.springframework.boot.test.context.SpringBootContextLoader.loadContext(SpringBootContextLoader.java:114)
	at org.springframework.test.context.cache.DefaultCacheAwareContextLoaderDelegate.loadContextInternal(DefaultCacheAwareContextLoaderDelegate.java:247)
	at org.springframework.test.context.cache.DefaultCacheAwareContextLoaderDelegate.lambda$loadContext$0(DefaultCacheAwareContextLoaderDelegate.java:167)
	at org.springframework.test.context.cache.DefaultContextCache.put(DefaultContextCache.java:214)
	at org.springframework.test.context.cache.DefaultCacheAwareContextLoaderDelegate.loadContext(DefaultCacheAwareContextLoaderDelegate.java:160)
	at org.springframework.test.context.support.DefaultTestContext.getApplicationContext(DefaultTestContext.java:128)
	at org.springframework.test.context.web.ServletTestExecutionListener.setUpRequestContextIfNecessary(ServletTestExecutionListener.java:200)
	at org.springframework.test.context.web.ServletTestExecutionListener.prepareTestInstance(ServletTestExecutionListener.java:139)
	at org.springframework.test.context.TestContextManager.prepareTestInstance(TestContextManager.java:260)
	at org.springframework.test.context.junit.jupiter.SpringExtension.postProcessTestInstance(SpringExtension.java:242)
	at org.junit.jupiter.engine.descriptor.ClassBasedTestDescriptor.lambda$invokeTestInstancePostProcessors$1(ClassBasedTestDescriptor.java:423)
	at org.junit.jupiter.engine.descriptor.ClassBasedTestDescriptor.executeAndMaskThrowable(ClassBasedTestDescriptor.java:428)
	at org.junit.jupiter.engine.descriptor.ClassBasedTestDescriptor.lambda$invokeTestInstancePostProcessors$0(ClassBasedTestDescriptor.java:422)
	at java.base/java.util.stream.ForEachOps$ForEachOp$OfRef.accept(ForEachOps.java:186)
	at java.base/java.util.stream.ReferencePipeline$3$1.accept(ReferencePipeline.java:214)
	at java.base/java.util.stream.ReferencePipeline$2$1.accept(ReferencePipeline.java:197)
	at java.base/java.util.stream.ReferencePipeline$3$1.accept(ReferencePipeline.java:214)
	at java.base/java.util.ArrayList$ArrayListSpliterator.forEachRemaining(ArrayList.java:1716)
	at java.base/java.util.stream.AbstractPipeline.copyInto(AbstractPipeline.java:570)
	at java.base/java.util.stream.AbstractPipeline.wrapAndCopyInto(AbstractPipeline.java:560)
	at java.base/java.util.stream.ForEachOps$ForEachOp.evaluateSequential(ForEachOps.java:153)
	at java.base/java.util.stream.ForEachOps$ForEachOp$OfRef.evaluateSequential(ForEachOps.java:176)
	at java.base/java.util.stream.AbstractPipeline.evaluate(AbstractPipeline.java:265)
	at java.base/java.util.stream.ReferencePipeline.forEach(ReferencePipeline.java:632)
	at org.junit.jupiter.engine.descriptor.ClassBasedTestDescriptor.invokeTestInstancePostProcessors(ClassBasedTestDescriptor.java:422)
	at org.junit.jupiter.engine.descriptor.ClassBasedTestDescriptor.lambda$instantiateAndPostProcessTestInstance$0(ClassBasedTestDescriptor.java:334)
	at org.junit.platform.engine.support.hierarchical.ThrowableCollector.execute(ThrowableCollector.java:74)
	at org.junit.jupiter.engine.descriptor.ClassBasedTestDescriptor.instantiateAndPostProcessTestInstance(ClassBasedTestDescriptor.java:333)
	at org.junit.jupiter.engine.descriptor.ClassBasedTestDescriptor.lambda$testInstancesProvider$1(ClassBasedTestDescriptor.java:322)
	at java.base/java.util.Optional.orElseGet(Optional.java:364)
	at org.junit.jupiter.engine.descriptor.ClassBasedTestDescriptor.lambda$testInstancesProvider$0(ClassBasedTestDescriptor.java:321)
	at org.junit.jupiter.engine.execution.TestInstancesProvider.getTestInstances(TestInstancesProvider.java:27)
	at org.junit.jupiter.engine.descriptor.TestMethodTestDescriptor.lambda$prepare$0(TestMethodTestDescriptor.java:127)
	at org.junit.platform.engine.support.hierarchical.ThrowableCollector.execute(ThrowableCollector.java:74)
	at org.junit.jupiter.engine.descriptor.TestMethodTestDescriptor.prepare(TestMethodTestDescriptor.java:126)
	at org.junit.jupiter.engine.descriptor.TestMethodTestDescriptor.prepare(TestMethodTestDescriptor.java:70)
	at org.junit.platform.engine.support.hierarchical.NodeTestTask.lambda$prepare$0(NodeTestTask.java:144)
	at org.junit.platform.engine.support.hierarchical.ThrowableCollector.execute(ThrowableCollector.java:74)
	at org.junit.platform.engine.support.hierarchical.NodeTestTask.prepare(NodeTestTask.java:144)
	at org.junit.platform.engine.support.hierarchical.NodeTestTask.execute(NodeTestTask.java:110)
	at java.base/java.util.ArrayList.forEach(ArrayList.java:1604)
	at org.junit.platform.engine.support.hierarchical.SameThreadHierarchicalTestExecutorService.invokeAll(SameThreadHierarchicalTestExecutorService.java:42)
	at org.junit.platform.engine.support.hierarchical.NodeTestTask.lambda$executeRecursively$2(NodeTestTask.java:180)
	at org.junit.platform.engine.support.hierarchical.ThrowableCollector.execute(ThrowableCollector.java:74)
	at org.junit.platform.engine.support.hierarchical.NodeTestTask.lambda$executeRecursively$1(NodeTestTask.java:166)
	at org.junit.platform.engine.support.hierarchical.Node.around(Node.java:138)
	at org.junit.platform.engine.support.hierarchical.NodeTestTask.lambda$executeRecursively$0(NodeTestTask.java:164)
	at org.junit.platform.engine.support.hierarchical.ThrowableCollector.execute(ThrowableCollector.java:74)
	at org.junit.platform.engine.support.hierarchical.NodeTestTask.executeRecursively(NodeTestTask.java:163)
	at org.junit.platform.engine.support.hierarchical.NodeTestTask.execute(NodeTestTask.java:116)
	at java.base/java.util.ArrayList.forEach(ArrayList.java:1604)
	at org.junit.platform.engine.support.hierarchical.SameThreadHierarchicalTestExecutorService.invokeAll(SameThreadHierarchicalTestExecutorService.java:42)
	at org.junit.platform.engine.support.hierarchical.NodeTestTask.lambda$executeRecursively$2(NodeTestTask.java:180)
	at org.junit.platform.engine.support.hierarchical.ThrowableCollector.execute(ThrowableCollector.java:74)
	at org.junit.platform.engine.support.hierarchical.NodeTestTask.lambda$executeRecursively$1(NodeTestTask.java:166)
	at org.junit.platform.engine.support.hierarchical.Node.around(Node.java:138)
	at org.junit.platform.engine.support.hierarchical.NodeTestTask.lambda$executeRecursively$0(NodeTestTask.java:164)
	at org.junit.platform.engine.support.hierarchical.ThrowableCollector.execute(ThrowableCollector.java:74)
	at org.junit.platform.engine.support.hierarchical.NodeTestTask.executeRecursively(NodeTestTask.java:163)
	at org.junit.platform.engine.support.hierarchical.NodeTestTask.execute(NodeTestTask.java:116)
	at org.junit.platform.engine.support.hierarchical.SameThreadHierarchicalTestExecutorService.submit(SameThreadHierarchicalTestExecutorService.java:36)
	at org.junit.platform.engine.support.hierarchical.HierarchicalTestExecutor.execute(HierarchicalTestExecutor.java:52)
	at org.junit.platform.engine.support.hierarchical.HierarchicalTestEngine.execute(HierarchicalTestEngine.java:58)
	at org.junit.platform.launcher.core.EngineExecutionOrchestrator.executeEngine(EngineExecutionOrchestrator.java:246)
	at org.junit.platform.launcher.core.EngineExecutionOrchestrator.failOrExecuteEngine(EngineExecutionOrchestrator.java:218)
	at org.junit.platform.launcher.core.EngineExecutionOrchestrator.execute(EngineExecutionOrchestrator.java:179)
	at org.junit.platform.launcher.core.EngineExecutionOrchestrator.execute(EngineExecutionOrchestrator.java:108)
	at org.junit.platform.launcher.core.EngineExecutionOrchestrator.lambda$execute$0(EngineExecutionOrchestrator.java:66)
	at org.junit.platform.launcher.core.EngineExecutionOrchestrator.withInterceptedStreams(EngineExecutionOrchestrator.java:157)
	at org.junit.platform.launcher.core.EngineExecutionOrchestrator.execute(EngineExecutionOrchestrator.java:65)
	at org.junit.platform.launcher.core.DefaultLauncher.execute(DefaultLauncher.java:125)
	at org.junit.platform.launcher.core.DefaultLauncher.execute(DefaultLauncher.java:114)
	at org.junit.platform.launcher.core.DefaultLauncher.execute(DefaultLauncher.java:93)
	at org.junit.platform.launcher.core.DelegatingLauncher.execute(DelegatingLauncher.java:48)
	at org.junit.platform.launcher.core.InterceptingLauncher.lambda$execute$0(InterceptingLauncher.java:41)
	at org.junit.platform.launcher.core.ClasspathAlignmentCheckingLauncherInterceptor.intercept(ClasspathAlignmentCheckingLauncherInterceptor.java:25)
	at org.junit.platform.launcher.core.InterceptingLauncher.execute(InterceptingLauncher.java:40)
	at org.junit.platform.launcher.core.DelegatingLauncher.execute(DelegatingLauncher.java:48)
	at org.gradle.api.internal.tasks.testing.junitplatform.JUnitPlatformTestDefinitionProcessor$CollectThenExecuteTestDefinitionConsumer.processAllTestDefinitions(JUnitPlatformTestDefinitionProcessor.java:179)
	at org.gradle.api.internal.tasks.testing.junitplatform.JUnitPlatformTestDefinitionProcessor$CollectThenExecuteTestDefinitionConsumer.access$000(JUnitPlatformTestDefinitionProcessor.java:122)
	at org.gradle.api.internal.tasks.testing.junitplatform.JUnitPlatformTestDefinitionProcessor.stop(JUnitPlatformTestDefinitionProcessor.java:116)
	at org.gradle.api.internal.tasks.testing.SuiteTestDefinitionProcessor.stop(SuiteTestDefinitionProcessor.java:63)
	at java.base/jdk.internal.reflect.DirectMethodHandleAccessor.invoke(DirectMethodHandleAccessor.java:104)
	at java.base/java.lang.reflect.Method.invoke(Method.java:565)
	at org.gradle.internal.dispatch.MethodInvocation.invokeOn(MethodInvocation.java:77)
	at org.gradle.internal.dispatch.ReflectionDispatch.dispatch(ReflectionDispatch.java:28)
	at org.gradle.internal.dispatch.ReflectionDispatch.dispatch(ReflectionDispatch.java:19)
	at org.gradle.internal.dispatch.ContextClassLoaderDispatch.dispatch(ContextClassLoaderDispatch.java:33)
	at org.gradle.internal.dispatch.ProxyDispatchAdapter$DispatchingInvocationHandler.invoke(ProxyDispatchAdapter.java:88)
	at jdk.proxy1/jdk.proxy1.$Proxy4.stop(Unknown Source)
	at org.gradle.api.internal.tasks.testing.worker.TestWorker$3.run(TestWorker.java:195)
	at org.gradle.api.internal.tasks.testing.worker.TestWorker.executeAndMaintainThreadName(TestWorker.java:126)
	at org.gradle.api.internal.tasks.testing.worker.TestWorker.execute(TestWorker.java:103)
	at org.gradle.api.internal.tasks.testing.worker.TestWorker.execute(TestWorker.java:63)
	at org.gradle.process.internal.worker.child.ActionExecutionWorker.execute(ActionExecutionWorker.java:56)
	at org.gradle.process.internal.worker.child.SystemApplicationClassLoaderWorker.call(SystemApplicationClassLoaderWorker.java:122)
	at org.gradle.process.internal.worker.child.SystemApplicationClassLoaderWorker.call(SystemApplicationClassLoaderWorker.java:72)
	at worker.org.gradle.process.internal.worker.GradleWorkerMain.run(GradleWorkerMain.java:69)
	at worker.org.gradle.process.internal.worker.GradleWorkerMain.main(GradleWorkerMain.java:74)
Caused by: org.springframework.beans.factory.UnsatisfiedDependencyException: Error creating bean with name 'authServiceImpl' defined in file [C:\Users\Manjunath\OneDrive\Desktop\drockley\build-codex-4\classes\java\main\com\platform\drockley\auth\service\impl\AuthServiceImpl.class]: Unsatisfied dependency expressed through constructor parameter 1: Error creating bean with name 'securityConfig' defined in file [C:\Users\Manjunath\OneDrive\Desktop\drockley\build-codex-4\classes\java\main\com\platform\drockley\config\SecurityConfig.class]: Unsatisfied dependency expressed through constructor parameter 0: Error creating bean with name 'jwtAuthenticationFilter' defined in file [C:\Users\Manjunath\OneDrive\Desktop\drockley\build-codex-4\classes\java\main\com\platform\drockley\security\JwtAuthenticationFilter.class]: Unsatisfied dependency expressed through constructor parameter 0: Error creating bean with name 'jwtTokenProvider' defined in file [C:\Users\Manjunath\OneDrive\Desktop\drockley\build-codex-4\classes\java\main\com\platform\drockley\security\JwtTokenProvider.class]: Failed to instantiate [com.platform.drockley.security.JwtTokenProvider]: Constructor threw exception
	at org.springframework.beans.factory.support.ConstructorResolver.createArgumentArray(ConstructorResolver.java:804)
	at org.springframework.beans.factory.support.ConstructorResolver.autowireConstructor(ConstructorResolver.java:240)
	at org.springframework.beans.factory.support.AbstractAutowireCapableBeanFactory.autowireConstructor(AbstractAutowireCapableBeanFactory.java:1382)
	at org.springframework.beans.factory.support.AbstractAutowireCapableBeanFactory.createBeanInstance(AbstractAutowireCapableBeanFactory.java:1221)
	at org.springframework.beans.factory.support.AbstractAutowireCapableBeanFactory.doCreateBean(AbstractAutowireCapableBeanFactory.java:565)
	at org.springframework.beans.factory.support.AbstractAutowireCapableBeanFactory.createBean(AbstractAutowireCapableBeanFactory.java:525)
	at org.springframework.beans.factory.support.AbstractBeanFactory.lambda$doGetBean$0(AbstractBeanFactory.java:333)
	at org.springframework.beans.factory.support.DefaultSingletonBeanRegistry.getSingleton(DefaultSingletonBeanRegistry.java:371)
	at org.springframework.beans.factory.support.AbstractBeanFactory.doGetBean(AbstractBeanFactory.java:331)
	at org.springframework.beans.factory.support.AbstractBeanFactory.getBean(AbstractBeanFactory.java:201)
	at org.springframework.beans.factory.config.DependencyDescriptor.resolveCandidate(DependencyDescriptor.java:229)
	at org.springframework.beans.factory.support.DefaultListableBeanFactory.doResolveDependency(DefaultListableBeanFactory.java:1762)
	at org.springframework.beans.factory.support.DefaultListableBeanFactory.resolveDependency(DefaultListableBeanFactory.java:1651)
	at org.springframework.beans.factory.support.ConstructorResolver.resolveAutowiredArgument(ConstructorResolver.java:912)
	at org.springframework.beans.factory.support.ConstructorResolver.createArgumentArray(ConstructorResolver.java:791)
	... 122 common frames omitted
Caused by: org.springframework.beans.factory.UnsatisfiedDependencyException: Error creating bean with name 'securityConfig' defined in file [C:\Users\Manjunath\OneDrive\Desktop\drockley\build-codex-4\classes\java\main\com\platform\drockley\config\SecurityConfig.class]: Unsatisfied dependency expressed through constructor parameter 0: Error creating bean with name 'jwtAuthenticationFilter' defined in file [C:\Users\Manjunath\OneDrive\Desktop\drockley\build-codex-4\classes\java\main\com\platform\drockley\security\JwtAuthenticationFilter.class]: Unsatisfied dependency expressed through constructor parameter 0: Error creating bean with name 'jwtTokenProvider' defined in file [C:\Users\Manjunath\OneDrive\Desktop\drockley\build-codex-4\classes\java\main\com\platform\drockley\security\JwtTokenProvider.class]: Failed to instantiate [com.platform.drockley.security.JwtTokenProvider]: Constructor threw exception
	at org.springframework.beans.factory.support.ConstructorResolver.createArgumentArray(ConstructorResolver.java:804)
	at org.springframework.beans.factory.support.ConstructorResolver.autowireConstructor(ConstructorResolver.java:240)
	at org.springframework.beans.factory.support.AbstractAutowireCapableBeanFactory.autowireConstructor(AbstractAutowireCapableBeanFactory.java:1382)
	at org.springframework.beans.factory.support.AbstractAutowireCapableBeanFactory.createBeanInstance(AbstractAutowireCapableBeanFactory.java:1221)
	at org.springframework.beans.factory.support.AbstractAutowireCapableBeanFactory.doCreateBean(AbstractAutowireCapableBeanFactory.java:565)
	at org.springframework.beans.factory.support.AbstractAutowireCapableBeanFactory.createBean(AbstractAutowireCapableBeanFactory.java:525)
	at org.springframework.beans.factory.support.AbstractBeanFactory.lambda$doGetBean$0(AbstractBeanFactory.java:333)
	at org.springframework.beans.factory.support.DefaultSingletonBeanRegistry.getSingleton(DefaultSingletonBeanRegistry.java:371)
	at org.springframework.beans.factory.support.AbstractBeanFactory.doGetBean(AbstractBeanFactory.java:331)
	at org.springframework.beans.factory.support.AbstractBeanFactory.getBean(AbstractBeanFactory.java:196)
	at org.springframework.beans.factory.support.ConstructorResolver.instantiateUsingFactoryMethod(ConstructorResolver.java:413)
	at org.springframework.beans.factory.support.AbstractAutowireCapableBeanFactory.instantiateUsingFactoryMethod(AbstractAutowireCapableBeanFactory.java:1362)
	at org.springframework.beans.factory.support.AbstractAutowireCapableBeanFactory.createBeanInstance(AbstractAutowireCapableBeanFactory.java:1194)
	at org.springframework.beans.factory.support.AbstractAutowireCapableBeanFactory.doCreateBean(AbstractAutowireCapableBeanFactory.java:565)
	at org.springframework.beans.factory.support.AbstractAutowireCapableBeanFactory.createBean(AbstractAutowireCapableBeanFactory.java:525)
	at org.springframework.beans.factory.support.AbstractBeanFactory.lambda$doGetBean$0(AbstractBeanFactory.java:333)
	at org.springframework.beans.factory.support.DefaultSingletonBeanRegistry.getSingleton(DefaultSingletonBeanRegistry.java:371)
	at org.springframework.beans.factory.support.AbstractBeanFactory.doGetBean(AbstractBeanFactory.java:331)
	at org.springframework.beans.factory.support.AbstractBeanFactory.getBean(AbstractBeanFactory.java:201)
	at org.springframework.beans.factory.support.DefaultListableBeanFactory.resolveBean(DefaultListableBeanFactory.java:1225)
	at org.springframework.beans.factory.support.DefaultListableBeanFactory.doResolveDependency(DefaultListableBeanFactory.java:1704)
	at org.springframework.beans.factory.support.DefaultListableBeanFactory.resolveDependency(DefaultListableBeanFactory.java:1651)
	at org.springframework.beans.factory.support.ConstructorResolver.resolveAutowiredArgument(ConstructorResolver.java:912)
	at org.springframework.beans.factory.support.ConstructorResolver.createArgumentArray(ConstructorResolver.java:791)
	... 136 common frames omitted
Caused by: org.springframework.beans.factory.UnsatisfiedDependencyException: Error creating bean with name 'jwtAuthenticationFilter' defined in file [C:\Users\Manjunath\OneDrive\Desktop\drockley\build-codex-4\classes\java\main\com\platform\drockley\security\JwtAuthenticationFilter.class]: Unsatisfied dependency expressed through constructor parameter 0: Error creating bean with name 'jwtTokenProvider' defined in file [C:\Users\Manjunath\OneDrive\Desktop\drockley\build-codex-4\classes\java\main\com\platform\drockley\security\JwtTokenProvider.class]: Failed to instantiate [com.platform.drockley.security.JwtTokenProvider]: Constructor threw exception
	at org.springframework.beans.factory.support.ConstructorResolver.createArgumentArray(ConstructorResolver.java:804)
	at org.springframework.beans.factory.support.ConstructorResolver.autowireConstructor(ConstructorResolver.java:240)
	at org.springframework.beans.factory.support.AbstractAutowireCapableBeanFactory.autowireConstructor(AbstractAutowireCapableBeanFactory.java:1382)
	at org.springframework.beans.factory.support.AbstractAutowireCapableBeanFactory.createBeanInstance(AbstractAutowireCapableBeanFactory.java:1221)
	at org.springframework.beans.factory.support.AbstractAutowireCapableBeanFactory.doCreateBean(AbstractAutowireCapableBeanFactory.java:565)
	at org.springframework.beans.factory.support.AbstractAutowireCapableBeanFactory.createBean(AbstractAutowireCapableBeanFactory.java:525)
	at org.springframework.beans.factory.support.AbstractBeanFactory.lambda$doGetBean$0(AbstractBeanFactory.java:333)
	at org.springframework.beans.factory.support.DefaultSingletonBeanRegistry.getSingleton(DefaultSingletonBeanRegistry.java:371)
	at org.springframework.beans.factory.support.AbstractBeanFactory.doGetBean(AbstractBeanFactory.java:331)
	at org.springframework.beans.factory.support.AbstractBeanFactory.getBean(AbstractBeanFactory.java:201)
	at org.springframework.beans.factory.support.DefaultListableBeanFactory.resolveBean(DefaultListableBeanFactory.java:1225)
	at org.springframework.beans.factory.support.DefaultListableBeanFactory.doResolveDependency(DefaultListableBeanFactory.java:1704)
	at org.springframework.beans.factory.support.DefaultListableBeanFactory.resolveDependency(DefaultListableBeanFactory.java:1651)
	at org.springframework.beans.factory.support.ConstructorResolver.resolveAutowiredArgument(ConstructorResolver.java:912)
	at org.springframework.beans.factory.support.ConstructorResolver.createArgumentArray(ConstructorResolver.java:791)
	... 159 common frames omitted
Caused by: org.springframework.beans.factory.BeanCreationException: Error creating bean with name 'jwtTokenProvider' defined in file [C:\Users\Manjunath\OneDrive\Desktop\drockley\build-codex-4\classes\java\main\com\platform\drockley\security\JwtTokenProvider.class]: Failed to instantiate [com.platform.drockley.security.JwtTokenProvider]: Constructor threw exception
	at org.springframework.beans.factory.support.ConstructorResolver.instantiate(ConstructorResolver.java:321)
	at org.springframework.beans.factory.support.ConstructorResolver.autowireConstructor(ConstructorResolver.java:309)
	at org.springframework.beans.factory.support.AbstractAutowireCapableBeanFactory.autowireConstructor(AbstractAutowireCapableBeanFactory.java:1382)
	at org.springframework.beans.factory.support.AbstractAutowireCapableBeanFactory.createBeanInstance(AbstractAutowireCapableBeanFactory.java:1221)
	at org.springframework.beans.factory.support.AbstractAutowireCapableBeanFactory.doCreateBean(AbstractAutowireCapableBeanFactory.java:565)
	at org.springframework.beans.factory.support.AbstractAutowireCapableBeanFactory.createBean(AbstractAutowireCapableBeanFactory.java:525)
	at org.springframework.beans.factory.support.AbstractBeanFactory.lambda$doGetBean$0(AbstractBeanFactory.java:333)
	at org.springframework.beans.factory.support.DefaultSingletonBeanRegistry.getSingleton(DefaultSingletonBeanRegistry.java:371)
	at org.springframework.beans.factory.support.AbstractBeanFactory.doGetBean(AbstractBeanFactory.java:331)
	at org.springframework.beans.factory.support.AbstractBeanFactory.getBean(AbstractBeanFactory.java:201)
	at org.springframework.beans.factory.support.DefaultListableBeanFactory.resolveBean(DefaultListableBeanFactory.java:1225)
	at org.springframework.beans.factory.support.DefaultListableBeanFactory.doResolveDependency(DefaultListableBeanFactory.java:1704)
	at org.springframework.beans.factory.support.DefaultListableBeanFactory.resolveDependency(DefaultListableBeanFactory.java:1651)
	at org.springframework.beans.factory.support.ConstructorResolver.resolveAutowiredArgument(ConstructorResolver.java:912)
	at org.springframework.beans.factory.support.ConstructorResolver.createArgumentArray(ConstructorResolver.java:791)
	... 173 common frames omitted
Caused by: org.springframework.beans.BeanInstantiationException: Failed to instantiate [com.platform.drockley.security.JwtTokenProvider]: Constructor threw exception
	at org.springframework.beans.BeanUtils.instantiateClass(BeanUtils.java:220)
	at org.springframework.beans.factory.support.SimpleInstantiationStrategy.instantiate(SimpleInstantiationStrategy.java:129)
	at org.springframework.beans.factory.support.ConstructorResolver.instantiate(ConstructorResolver.java:318)
	... 187 common frames omitted
Caused by: io.jsonwebtoken.security.WeakKeyException: The specified key byte array is 192 bits which is not secure enough for any JWT HMAC-SHA algorithm.  The JWT JWA Specification (RFC 7518, Section 3.2) states that keys used with HMAC-SHA algorithms MUST have a size >= 256 bits (the key size must be greater than or equal to the hash output size).  Consider using the io.jsonwebtoken.security.Keys#secretKeyFor(SignatureAlgorithm) method to create a key guaranteed to be secure enough for your preferred HMAC-SHA algorithm.  See https://tools.ietf.org/html/rfc7518#section-3.2 for more information.
	at io.jsonwebtoken.security.Keys.hmacShaKeyFor(Keys.java:96)
	at com.platform.drockley.security.JwtTokenProvider.<init>(JwtTokenProvider.java:24)
	at java.base/jdk.internal.reflect.DirectConstructorHandleAccessor.newInstance(DirectConstructorHandleAccessor.java:62)
	at java.base/java.lang.reflect.Constructor.newInstanceWithCaller(Constructor.java:499)
	at java.base/java.lang.reflect.Constructor.newInstance(Constructor.java:483)
	at org.springframework.beans.BeanUtils.instantiateClass(BeanUtils.java:207)
	... 189 common frames omitted
2026-05-16 12:24:41 [Test worker] WARN  o.s.test.context.TestContextManager - Caught exception while allowing TestExecutionListener [org.springframework.test.context.web.ServletTestExecutionListener] to prepare test instance [com.platform.drockley.DrockleyApplicationTests@5bbd8118]
java.lang.IllegalStateException: Failed to load ApplicationContext for [WebMergedContextConfiguration@16dc12cf testClass = com.platform.drockley.DrockleyApplicationTests, locations = [], classes = [com.platform.drockley.DrockleyApplication], contextInitializerClasses = [], activeProfiles = [], propertySourceDescriptors = [], propertySourceProperties = ["spring.datasource.url=jdbc:h2:mem:drockley_test;MODE=PostgreSQL;DB_CLOSE_DELAY=-1;DB_CLOSE_ON_EXIT=FALSE", "spring.datasource.driver-class-name=org.h2.Driver", "spring.datasource.username=sa", "spring.datasource.password=", "spring.jpa.hibernate.ddl-auto=create-drop", "spring.jpa.database-platform=org.hibernate.dialect.H2Dialect", "spring.flyway.enabled=false", "org.springframework.boot.test.context.SpringBootTestContextBootstrapper=true"], contextCustomizers = [org.springframework.boot.test.autoconfigure.OnFailureConditionReportContextCustomizerFactory$OnFailureConditionReportContextCustomizer@718607eb, org.springframework.boot.test.context.PropertyMappingContextCustomizer@0, org.springframework.boot.test.context.filter.ExcludeFilterContextCustomizer@91c4a3f, org.springframework.boot.test.json.DuplicateJsonObjectContextCustomizerFactory$DuplicateJsonObjectContextCustomizer@6bfdb014, org.springframework.boot.web.server.context.SpringBootTestRandomPortContextCustomizer@4aa3d36, org.springframework.test.context.support.DynamicPropertiesContextCustomizer@0, org.springframework.boot.test.context.SpringBootTestAnnotation@74c53a1f], resourceBasePath = "src/main/webapp", contextLoader = org.springframework.boot.test.context.SpringBootContextLoader, parent = null]
	at org.springframework.test.context.cache.DefaultCacheAwareContextLoaderDelegate.lambda$loadContext$0(DefaultCacheAwareContextLoaderDelegate.java:195)
	at org.springframework.test.context.cache.DefaultContextCache.put(DefaultContextCache.java:214)
	at org.springframework.test.context.cache.DefaultCacheAwareContextLoaderDelegate.loadContext(DefaultCacheAwareContextLoaderDelegate.java:160)
	at org.springframework.test.context.support.DefaultTestContext.getApplicationContext(DefaultTestContext.java:128)
	at org.springframework.test.context.web.ServletTestExecutionListener.setUpRequestContextIfNecessary(ServletTestExecutionListener.java:200)
	at org.springframework.test.context.web.ServletTestExecutionListener.prepareTestInstance(ServletTestExecutionListener.java:139)
	at org.springframework.test.context.TestContextManager.prepareTestInstance(TestContextManager.java:260)
	at org.springframework.test.context.junit.jupiter.SpringExtension.postProcessTestInstance(SpringExtension.java:242)
	at org.junit.jupiter.engine.descriptor.ClassBasedTestDescriptor.lambda$invokeTestInstancePostProcessors$1(ClassBasedTestDescriptor.java:423)
	at org.junit.jupiter.engine.descriptor.ClassBasedTestDescriptor.executeAndMaskThrowable(ClassBasedTestDescriptor.java:428)
	at org.junit.jupiter.engine.descriptor.ClassBasedTestDescriptor.lambda$invokeTestInstancePostProcessors$0(ClassBasedTestDescriptor.java:422)
	at java.base/java.util.stream.ForEachOps$ForEachOp$OfRef.accept(ForEachOps.java:186)
	at java.base/java.util.stream.ReferencePipeline$3$1.accept(ReferencePipeline.java:214)
	at java.base/java.util.stream.ReferencePipeline$2$1.accept(ReferencePipeline.java:197)
	at java.base/java.util.stream.ReferencePipeline$3$1.accept(ReferencePipeline.java:214)
	at java.base/java.util.ArrayList$ArrayListSpliterator.forEachRemaining(ArrayList.java:1716)
	at java.base/java.util.stream.AbstractPipeline.copyInto(AbstractPipeline.java:570)
	at java.base/java.util.stream.AbstractPipeline.wrapAndCopyInto(AbstractPipeline.java:560)
	at java.base/java.util.stream.ForEachOps$ForEachOp.evaluateSequential(ForEachOps.java:153)
	at java.base/java.util.stream.ForEachOps$ForEachOp$OfRef.evaluateSequential(ForEachOps.java:176)
	at java.base/java.util.stream.AbstractPipeline.evaluate(AbstractPipeline.java:265)
	at java.base/java.util.stream.ReferencePipeline.forEach(ReferencePipeline.java:632)
	at org.junit.jupiter.engine.descriptor.ClassBasedTestDescriptor.invokeTestInstancePostProcessors(ClassBasedTestDescriptor.java:422)
	at org.junit.jupiter.engine.descriptor.ClassBasedTestDescriptor.lambda$instantiateAndPostProcessTestInstance$0(ClassBasedTestDescriptor.java:334)
	at org.junit.platform.engine.support.hierarchical.ThrowableCollector.execute(ThrowableCollector.java:74)
	at org.junit.jupiter.engine.descriptor.ClassBasedTestDescriptor.instantiateAndPostProcessTestInstance(ClassBasedTestDescriptor.java:333)
	at org.junit.jupiter.engine.descriptor.ClassBasedTestDescriptor.lambda$testInstancesProvider$1(ClassBasedTestDescriptor.java:322)
	at java.base/java.util.Optional.orElseGet(Optional.java:364)
	at org.junit.jupiter.engine.descriptor.ClassBasedTestDescriptor.lambda$testInstancesProvider$0(ClassBasedTestDescriptor.java:321)
	at org.junit.jupiter.engine.execution.TestInstancesProvider.getTestInstances(TestInstancesProvider.java:27)
	at org.junit.jupiter.engine.descriptor.TestMethodTestDescriptor.lambda$prepare$0(TestMethodTestDescriptor.java:127)
	at org.junit.platform.engine.support.hierarchical.ThrowableCollector.execute(ThrowableCollector.java:74)
	at org.junit.jupiter.engine.descriptor.TestMethodTestDescriptor.prepare(TestMethodTestDescriptor.java:126)
	at org.junit.jupiter.engine.descriptor.TestMethodTestDescriptor.prepare(TestMethodTestDescriptor.java:70)
	at org.junit.platform.engine.support.hierarchical.NodeTestTask.lambda$prepare$0(NodeTestTask.java:144)
	at org.junit.platform.engine.support.hierarchical.ThrowableCollector.execute(ThrowableCollector.java:74)
	at org.junit.platform.engine.support.hierarchical.NodeTestTask.prepare(NodeTestTask.java:144)
	at org.junit.platform.engine.support.hierarchical.NodeTestTask.execute(NodeTestTask.java:110)
	at java.base/java.util.ArrayList.forEach(ArrayList.java:1604)
	at org.junit.platform.engine.support.hierarchical.SameThreadHierarchicalTestExecutorService.invokeAll(SameThreadHierarchicalTestExecutorService.java:42)
	at org.junit.platform.engine.support.hierarchical.NodeTestTask.lambda$executeRecursively$2(NodeTestTask.java:180)
	at org.junit.platform.engine.support.hierarchical.ThrowableCollector.execute(ThrowableCollector.java:74)
	at org.junit.platform.engine.support.hierarchical.NodeTestTask.lambda$executeRecursively$1(NodeTestTask.java:166)
	at org.junit.platform.engine.support.hierarchical.Node.around(Node.java:138)
	at org.junit.platform.engine.support.hierarchical.NodeTestTask.lambda$executeRecursively$0(NodeTestTask.java:164)
	at org.junit.platform.engine.support.hierarchical.ThrowableCollector.execute(ThrowableCollector.java:74)
	at org.junit.platform.engine.support.hierarchical.NodeTestTask.executeRecursively(NodeTestTask.java:163)
	at org.junit.platform.engine.support.hierarchical.NodeTestTask.execute(NodeTestTask.java:116)
	at java.base/java.util.ArrayList.forEach(ArrayList.java:1604)
	at org.junit.platform.engine.support.hierarchical.SameThreadHierarchicalTestExecutorService.invokeAll(SameThreadHierarchicalTestExecutorService.java:42)
	at org.junit.platform.engine.support.hierarchical.NodeTestTask.lambda$executeRecursively$2(NodeTestTask.java:180)
	at org.junit.platform.engine.support.hierarchical.ThrowableCollector.execute(ThrowableCollector.java:74)
	at org.junit.platform.engine.support.hierarchical.NodeTestTask.lambda$executeRecursively$1(NodeTestTask.java:166)
	at org.junit.platform.engine.support.hierarchical.Node.around(Node.java:138)
	at org.junit.platform.engine.support.hierarchical.NodeTestTask.lambda$executeRecursively$0(NodeTestTask.java:164)
	at org.junit.platform.engine.support.hierarchical.ThrowableCollector.execute(ThrowableCollector.java:74)
	at org.junit.platform.engine.support.hierarchical.NodeTestTask.executeRecursively(NodeTestTask.java:163)
	at org.junit.platform.engine.support.hierarchical.NodeTestTask.execute(NodeTestTask.java:116)
	at org.junit.platform.engine.support.hierarchical.SameThreadHierarchicalTestExecutorService.submit(SameThreadHierarchicalTestExecutorService.java:36)
	at org.junit.platform.engine.support.hierarchical.HierarchicalTestExecutor.execute(HierarchicalTestExecutor.java:52)
	at org.junit.platform.engine.support.hierarchical.HierarchicalTestEngine.execute(HierarchicalTestEngine.java:58)
	at org.junit.platform.launcher.core.EngineExecutionOrchestrator.executeEngine(EngineExecutionOrchestrator.java:246)
	at org.junit.platform.launcher.core.EngineExecutionOrchestrator.failOrExecuteEngine(EngineExecutionOrchestrator.java:218)
	at org.junit.platform.launcher.core.EngineExecutionOrchestrator.execute(EngineExecutionOrchestrator.java:179)
	at org.junit.platform.launcher.core.EngineExecutionOrchestrator.execute(EngineExecutionOrchestrator.java:108)
	at org.junit.platform.launcher.core.EngineExecutionOrchestrator.lambda$execute$0(EngineExecutionOrchestrator.java:66)
	at org.junit.platform.launcher.core.EngineExecutionOrchestrator.withInterceptedStreams(EngineExecutionOrchestrator.java:157)
	at org.junit.platform.launcher.core.EngineExecutionOrchestrator.execute(EngineExecutionOrchestrator.java:65)
	at org.junit.platform.launcher.core.DefaultLauncher.execute(DefaultLauncher.java:125)
	at org.junit.platform.launcher.core.DefaultLauncher.execute(DefaultLauncher.java:114)
	at org.junit.platform.launcher.core.DefaultLauncher.execute(DefaultLauncher.java:93)
	at org.junit.platform.launcher.core.DelegatingLauncher.execute(DelegatingLauncher.java:48)
	at org.junit.platform.launcher.core.InterceptingLauncher.lambda$execute$0(InterceptingLauncher.java:41)
	at org.junit.platform.launcher.core.ClasspathAlignmentCheckingLauncherInterceptor.intercept(ClasspathAlignmentCheckingLauncherInterceptor.java:25)
	at org.junit.platform.launcher.core.InterceptingLauncher.execute(InterceptingLauncher.java:40)
	at org.junit.platform.launcher.core.DelegatingLauncher.execute(DelegatingLauncher.java:48)
	at org.gradle.api.internal.tasks.testing.junitplatform.JUnitPlatformTestDefinitionProcessor$CollectThenExecuteTestDefinitionConsumer.processAllTestDefinitions(JUnitPlatformTestDefinitionProcessor.java:179)
	at org.gradle.api.internal.tasks.testing.junitplatform.JUnitPlatformTestDefinitionProcessor$CollectThenExecuteTestDefinitionConsumer.access$000(JUnitPlatformTestDefinitionProcessor.java:122)
	at org.gradle.api.internal.tasks.testing.junitplatform.JUnitPlatformTestDefinitionProcessor.stop(JUnitPlatformTestDefinitionProcessor.java:116)
	at org.gradle.api.internal.tasks.testing.SuiteTestDefinitionProcessor.stop(SuiteTestDefinitionProcessor.java:63)
	at java.base/jdk.internal.reflect.DirectMethodHandleAccessor.invoke(DirectMethodHandleAccessor.java:104)
	at java.base/java.lang.reflect.Method.invoke(Method.java:565)
	at org.gradle.internal.dispatch.MethodInvocation.invokeOn(MethodInvocation.java:77)
	at org.gradle.internal.dispatch.ReflectionDispatch.dispatch(ReflectionDispatch.java:28)
	at org.gradle.internal.dispatch.ReflectionDispatch.dispatch(ReflectionDispatch.java:19)
	at org.gradle.internal.dispatch.ContextClassLoaderDispatch.dispatch(ContextClassLoaderDispatch.java:33)
	at org.gradle.internal.dispatch.ProxyDispatchAdapter$DispatchingInvocationHandler.invoke(ProxyDispatchAdapter.java:88)
	at jdk.proxy1/jdk.proxy1.$Proxy4.stop(Unknown Source)
	at org.gradle.api.internal.tasks.testing.worker.TestWorker$3.run(TestWorker.java:195)
	at org.gradle.api.internal.tasks.testing.worker.TestWorker.executeAndMaintainThreadName(TestWorker.java:126)
	at org.gradle.api.internal.tasks.testing.worker.TestWorker.execute(TestWorker.java:103)
	at org.gradle.api.internal.tasks.testing.worker.TestWorker.execute(TestWorker.java:63)
	at org.gradle.process.internal.worker.child.ActionExecutionWorker.execute(ActionExecutionWorker.java:56)
	at org.gradle.process.internal.worker.child.SystemApplicationClassLoaderWorker.call(SystemApplicationClassLoaderWorker.java:122)
	at org.gradle.process.internal.worker.child.SystemApplicationClassLoaderWorker.call(SystemApplicationClassLoaderWorker.java:72)
	at worker.org.gradle.process.internal.worker.GradleWorkerMain.run(GradleWorkerMain.java:69)
	at worker.org.gradle.process.internal.worker.GradleWorkerMain.main(GradleWorkerMain.java:74)
Caused by: org.springframework.beans.factory.UnsatisfiedDependencyException: Error creating bean with name 'authController' defined in file [C:\Users\Manjunath\OneDrive\Desktop\drockley\build-codex-4\classes\java\main\com\platform\drockley\auth\controller\AuthController.class]: Unsatisfied dependency expressed through constructor parameter 0: Error creating bean with name 'authServiceImpl' defined in file [C:\Users\Manjunath\OneDrive\Desktop\drockley\build-codex-4\classes\java\main\com\platform\drockley\auth\service\impl\AuthServiceImpl.class]: Unsatisfied dependency expressed through constructor parameter 1: Error creating bean with name 'securityConfig' defined in file [C:\Users\Manjunath\OneDrive\Desktop\drockley\build-codex-4\classes\java\main\com\platform\drockley\config\SecurityConfig.class]: Unsatisfied dependency expressed through constructor parameter 0: Error creating bean with name 'jwtAuthenticationFilter' defined in file [C:\Users\Manjunath\OneDrive\Desktop\drockley\build-codex-4\classes\java\main\com\platform\drockley\security\JwtAuthenticationFilter.class]: Unsatisfied dependency expressed through constructor parameter 0: Error creating bean with name 'jwtTokenProvider' defined in file [C:\Users\Manjunath\OneDrive\Desktop\drockley\build-codex-4\classes\java\main\com\platform\drockley\security\JwtTokenProvider.class]: Failed to instantiate [com.platform.drockley.security.JwtTokenProvider]: Constructor threw exception
	at org.springframework.beans.factory.support.ConstructorResolver.createArgumentArray(ConstructorResolver.java:804)
	at org.springframework.beans.factory.support.ConstructorResolver.autowireConstructor(ConstructorResolver.java:240)
	at org.springframework.beans.factory.support.AbstractAutowireCapableBeanFactory.autowireConstructor(AbstractAutowireCapableBeanFactory.java:1382)
	at org.springframework.beans.factory.support.AbstractAutowireCapableBeanFactory.createBeanInstance(AbstractAutowireCapableBeanFactory.java:1221)
	at org.springframework.beans.factory.support.AbstractAutowireCapableBeanFactory.doCreateBean(AbstractAutowireCapableBeanFactory.java:565)
	at org.springframework.beans.factory.support.AbstractAutowireCapableBeanFactory.createBean(AbstractAutowireCapableBeanFactory.java:525)
	at org.springframework.beans.factory.support.AbstractBeanFactory.lambda$doGetBean$0(AbstractBeanFactory.java:333)
	at org.springframework.beans.factory.support.DefaultSingletonBeanRegistry.getSingleton(DefaultSingletonBeanRegistry.java:371)
	at org.springframework.beans.factory.support.AbstractBeanFactory.doGetBean(AbstractBeanFactory.java:331)
	at org.springframework.beans.factory.support.AbstractBeanFactory.getBean(AbstractBeanFactory.java:196)
	at org.springframework.beans.factory.support.DefaultListableBeanFactory.instantiateSingleton(DefaultListableBeanFactory.java:1218)
	at org.springframework.beans.factory.support.DefaultListableBeanFactory.preInstantiateSingleton(DefaultListableBeanFactory.java:1184)
	at org.springframework.beans.factory.support.DefaultListableBeanFactory.preInstantiateSingletons(DefaultListableBeanFactory.java:1121)
	at org.springframework.context.support.AbstractApplicationContext.finishBeanFactoryInitialization(AbstractApplicationContext.java:994)
	at org.springframework.context.support.AbstractApplicationContext.refresh(AbstractApplicationContext.java:621)
	at org.springframework.boot.SpringApplication.refresh(SpringApplication.java:756)
	at org.springframework.boot.SpringApplication.refreshContext(SpringApplication.java:445)
	at org.springframework.boot.SpringApplication.run(SpringApplication.java:321)
	at org.springframework.boot.test.context.SpringBootContextLoader.lambda$loadContext$2(SpringBootContextLoader.java:155)
	at org.springframework.util.function.ThrowingSupplier.get(ThrowingSupplier.java:58)
	at org.springframework.util.function.ThrowingSupplier.get(ThrowingSupplier.java:46)
	at org.springframework.boot.SpringApplication.withHook(SpringApplication.java:1465)
	at org.springframework.boot.test.context.SpringBootContextLoader$ContextLoaderHook.run(SpringBootContextLoader.java:600)
	at org.springframework.boot.test.context.SpringBootContextLoader.loadContext(SpringBootContextLoader.java:155)
	at org.springframework.boot.test.context.SpringBootContextLoader.loadContext(SpringBootContextLoader.java:114)
	at org.springframework.test.context.cache.DefaultCacheAwareContextLoaderDelegate.loadContextInternal(DefaultCacheAwareContextLoaderDelegate.java:247)
	at org.springframework.test.context.cache.DefaultCacheAwareContextLoaderDelegate.lambda$loadContext$0(DefaultCacheAwareContextLoaderDelegate.java:167)
	... 96 common frames omitted
Caused by: org.springframework.beans.factory.UnsatisfiedDependencyException: Error creating bean with name 'authServiceImpl' defined in file [C:\Users\Manjunath\OneDrive\Desktop\drockley\build-codex-4\classes\java\main\com\platform\drockley\auth\service\impl\AuthServiceImpl.class]: Unsatisfied dependency expressed through constructor parameter 1: Error creating bean with name 'securityConfig' defined in file [C:\Users\Manjunath\OneDrive\Desktop\drockley\build-codex-4\classes\java\main\com\platform\drockley\config\SecurityConfig.class]: Unsatisfied dependency expressed through constructor parameter 0: Error creating bean with name 'jwtAuthenticationFilter' defined in file [C:\Users\Manjunath\OneDrive\Desktop\drockley\build-codex-4\classes\java\main\com\platform\drockley\security\JwtAuthenticationFilter.class]: Unsatisfied dependency expressed through constructor parameter 0: Error creating bean with name 'jwtTokenProvider' defined in file [C:\Users\Manjunath\OneDrive\Desktop\drockley\build-codex-4\classes\java\main\com\platform\drockley\security\JwtTokenProvider.class]: Failed to instantiate [com.platform.drockley.security.JwtTokenProvider]: Constructor threw exception
	at org.springframework.beans.factory.support.ConstructorResolver.createArgumentArray(ConstructorResolver.java:804)
	at org.springframework.beans.factory.support.ConstructorResolver.autowireConstructor(ConstructorResolver.java:240)
	at org.springframework.beans.factory.support.AbstractAutowireCapableBeanFactory.autowireConstructor(AbstractAutowireCapableBeanFactory.java:1382)
	at org.springframework.beans.factory.support.AbstractAutowireCapableBeanFactory.createBeanInstance(AbstractAutowireCapableBeanFactory.java:1221)
	at org.springframework.beans.factory.support.AbstractAutowireCapableBeanFactory.doCreateBean(AbstractAutowireCapableBeanFactory.java:565)
	at org.springframework.beans.factory.support.AbstractAutowireCapableBeanFactory.createBean(AbstractAutowireCapableBeanFactory.java:525)
	at org.springframework.beans.factory.support.AbstractBeanFactory.lambda$doGetBean$0(AbstractBeanFactory.java:333)
	at org.springframework.beans.factory.support.DefaultSingletonBeanRegistry.getSingleton(DefaultSingletonBeanRegistry.java:371)
	at org.springframework.beans.factory.support.AbstractBeanFactory.doGetBean(AbstractBeanFactory.java:331)
	at org.springframework.beans.factory.support.AbstractBeanFactory.getBean(AbstractBeanFactory.java:201)
	at org.springframework.beans.factory.config.DependencyDescriptor.resolveCandidate(DependencyDescriptor.java:229)
	at org.springframework.beans.factory.support.DefaultListableBeanFactory.doResolveDependency(DefaultListableBeanFactory.java:1762)
	at org.springframework.beans.factory.support.DefaultListableBeanFactory.resolveDependency(DefaultListableBeanFactory.java:1651)
	at org.springframework.beans.factory.support.ConstructorResolver.resolveAutowiredArgument(ConstructorResolver.java:912)
	at org.springframework.beans.factory.support.ConstructorResolver.createArgumentArray(ConstructorResolver.java:791)
	... 122 common frames omitted
Caused by: org.springframework.beans.factory.UnsatisfiedDependencyException: Error creating bean with name 'securityConfig' defined in file [C:\Users\Manjunath\OneDrive\Desktop\drockley\build-codex-4\classes\java\main\com\platform\drockley\config\SecurityConfig.class]: Unsatisfied dependency expressed through constructor parameter 0: Error creating bean with name 'jwtAuthenticationFilter' defined in file [C:\Users\Manjunath\OneDrive\Desktop\drockley\build-codex-4\classes\java\main\com\platform\drockley\security\JwtAuthenticationFilter.class]: Unsatisfied dependency expressed through constructor parameter 0: Error creating bean with name 'jwtTokenProvider' defined in file [C:\Users\Manjunath\OneDrive\Desktop\drockley\build-codex-4\classes\java\main\com\platform\drockley\security\JwtTokenProvider.class]: Failed to instantiate [com.platform.drockley.security.JwtTokenProvider]: Constructor threw exception
	at org.springframework.beans.factory.support.ConstructorResolver.createArgumentArray(ConstructorResolver.java:804)
	at org.springframework.beans.factory.support.ConstructorResolver.autowireConstructor(ConstructorResolver.java:240)
	at org.springframework.beans.factory.support.AbstractAutowireCapableBeanFactory.autowireConstructor(AbstractAutowireCapableBeanFactory.java:1382)
	at org.springframework.beans.factory.support.AbstractAutowireCapableBeanFactory.createBeanInstance(AbstractAutowireCapableBeanFactory.java:1221)
	at org.springframework.beans.factory.support.AbstractAutowireCapableBeanFactory.doCreateBean(AbstractAutowireCapableBeanFactory.java:565)
	at org.springframework.beans.factory.support.AbstractAutowireCapableBeanFactory.createBean(AbstractAutowireCapableBeanFactory.java:525)
	at org.springframework.beans.factory.support.AbstractBeanFactory.lambda$doGetBean$0(AbstractBeanFactory.java:333)
	at org.springframework.beans.factory.support.DefaultSingletonBeanRegistry.getSingleton(DefaultSingletonBeanRegistry.java:371)
	at org.springframework.beans.factory.support.AbstractBeanFactory.doGetBean(AbstractBeanFactory.java:331)
	at org.springframework.beans.factory.support.AbstractBeanFactory.getBean(AbstractBeanFactory.java:196)
	at org.springframework.beans.factory.support.ConstructorResolver.instantiateUsingFactoryMethod(ConstructorResolver.java:413)
	at org.springframework.beans.factory.support.AbstractAutowireCapableBeanFactory.instantiateUsingFactoryMethod(AbstractAutowireCapableBeanFactory.java:1362)
	at org.springframework.beans.factory.support.AbstractAutowireCapableBeanFactory.createBeanInstance(AbstractAutowireCapableBeanFactory.java:1194)
	at org.springframework.beans.factory.support.AbstractAutowireCapableBeanFactory.doCreateBean(AbstractAutowireCapableBeanFactory.java:565)
	at org.springframework.beans.factory.support.AbstractAutowireCapableBeanFactory.createBean(AbstractAutowireCapableBeanFactory.java:525)
	at org.springframework.beans.factory.support.AbstractBeanFactory.lambda$doGetBean$0(AbstractBeanFactory.java:333)
	at org.springframework.beans.factory.support.DefaultSingletonBeanRegistry.getSingleton(DefaultSingletonBeanRegistry.java:371)
	at org.springframework.beans.factory.support.AbstractBeanFactory.doGetBean(AbstractBeanFactory.java:331)
	at org.springframework.beans.factory.support.AbstractBeanFactory.getBean(AbstractBeanFactory.java:201)
	at org.springframework.beans.factory.support.DefaultListableBeanFactory.resolveBean(DefaultListableBeanFactory.java:1225)
	at org.springframework.beans.factory.support.DefaultListableBeanFactory.doResolveDependency(DefaultListableBeanFactory.java:1704)
	at org.springframework.beans.factory.support.DefaultListableBeanFactory.resolveDependency(DefaultListableBeanFactory.java:1651)
	at org.springframework.beans.factory.support.ConstructorResolver.resolveAutowiredArgument(ConstructorResolver.java:912)
	at org.springframework.beans.factory.support.ConstructorResolver.createArgumentArray(ConstructorResolver.java:791)
	... 136 common frames omitted
Caused by: org.springframework.beans.factory.UnsatisfiedDependencyException: Error creating bean with name 'jwtAuthenticationFilter' defined in file [C:\Users\Manjunath\OneDrive\Desktop\drockley\build-codex-4\classes\java\main\com\platform\drockley\security\JwtAuthenticationFilter.class]: Unsatisfied dependency expressed through constructor parameter 0: Error creating bean with name 'jwtTokenProvider' defined in file [C:\Users\Manjunath\OneDrive\Desktop\drockley\build-codex-4\classes\java\main\com\platform\drockley\security\JwtTokenProvider.class]: Failed to instantiate [com.platform.drockley.security.JwtTokenProvider]: Constructor threw exception
	at org.springframework.beans.factory.support.ConstructorResolver.createArgumentArray(ConstructorResolver.java:804)
	at org.springframework.beans.factory.support.ConstructorResolver.autowireConstructor(ConstructorResolver.java:240)
	at org.springframework.beans.factory.support.AbstractAutowireCapableBeanFactory.autowireConstructor(AbstractAutowireCapableBeanFactory.java:1382)
	at org.springframework.beans.factory.support.AbstractAutowireCapableBeanFactory.createBeanInstance(AbstractAutowireCapableBeanFactory.java:1221)
	at org.springframework.beans.factory.support.AbstractAutowireCapableBeanFactory.doCreateBean(AbstractAutowireCapableBeanFactory.java:565)
	at org.springframework.beans.factory.support.AbstractAutowireCapableBeanFactory.createBean(AbstractAutowireCapableBeanFactory.java:525)
	at org.springframework.beans.factory.support.AbstractBeanFactory.lambda$doGetBean$0(AbstractBeanFactory.java:333)
	at org.springframework.beans.factory.support.DefaultSingletonBeanRegistry.getSingleton(DefaultSingletonBeanRegistry.java:371)
	at org.springframework.beans.factory.support.AbstractBeanFactory.doGetBean(AbstractBeanFactory.java:331)
	at org.springframework.beans.factory.support.AbstractBeanFactory.getBean(AbstractBeanFactory.java:201)
	at org.springframework.beans.factory.support.DefaultListableBeanFactory.resolveBean(DefaultListableBeanFactory.java:1225)
	at org.springframework.beans.factory.support.DefaultListableBeanFactory.doResolveDependency(DefaultListableBeanFactory.java:1704)
	at org.springframework.beans.factory.support.DefaultListableBeanFactory.resolveDependency(DefaultListableBeanFactory.java:1651)
	at org.springframework.beans.factory.support.ConstructorResolver.resolveAutowiredArgument(ConstructorResolver.java:912)
	at org.springframework.beans.factory.support.ConstructorResolver.createArgumentArray(ConstructorResolver.java:791)
	... 159 common frames omitted
Caused by: org.springframework.beans.factory.BeanCreationException: Error creating bean with name 'jwtTokenProvider' defined in file [C:\Users\Manjunath\OneDrive\Desktop\drockley\build-codex-4\classes\java\main\com\platform\drockley\security\JwtTokenProvider.class]: Failed to instantiate [com.platform.drockley.security.JwtTokenProvider]: Constructor threw exception
	at org.springframework.beans.factory.support.ConstructorResolver.instantiate(ConstructorResolver.java:321)
	at org.springframework.beans.factory.support.ConstructorResolver.autowireConstructor(ConstructorResolver.java:309)
	at org.springframework.beans.factory.support.AbstractAutowireCapableBeanFactory.autowireConstructor(AbstractAutowireCapableBeanFactory.java:1382)
	at org.springframework.beans.factory.support.AbstractAutowireCapableBeanFactory.createBeanInstance(AbstractAutowireCapableBeanFactory.java:1221)
	at org.springframework.beans.factory.support.AbstractAutowireCapableBeanFactory.doCreateBean(AbstractAutowireCapableBeanFactory.java:565)
	at org.springframework.beans.factory.support.AbstractAutowireCapableBeanFactory.createBean(AbstractAutowireCapableBeanFactory.java:525)
	at org.springframework.beans.factory.support.AbstractBeanFactory.lambda$doGetBean$0(AbstractBeanFactory.java:333)
	at org.springframework.beans.factory.support.DefaultSingletonBeanRegistry.getSingleton(DefaultSingletonBeanRegistry.java:371)
	at org.springframework.beans.factory.support.AbstractBeanFactory.doGetBean(AbstractBeanFactory.java:331)
	at org.springframework.beans.factory.support.AbstractBeanFactory.getBean(AbstractBeanFactory.java:201)
	at org.springframework.beans.factory.support.DefaultListableBeanFactory.resolveBean(DefaultListableBeanFactory.java:1225)
	at org.springframework.beans.factory.support.DefaultListableBeanFactory.doResolveDependency(DefaultListableBeanFactory.java:1704)
	at org.springframework.beans.factory.support.DefaultListableBeanFactory.resolveDependency(DefaultListableBeanFactory.java:1651)
	at org.springframework.beans.factory.support.ConstructorResolver.resolveAutowiredArgument(ConstructorResolver.java:912)
	at org.springframework.beans.factory.support.ConstructorResolver.createArgumentArray(ConstructorResolver.java:791)
	... 173 common frames omitted
Caused by: org.springframework.beans.BeanInstantiationException: Failed to instantiate [com.platform.drockley.security.JwtTokenProvider]: Constructor threw exception
	at org.springframework.beans.BeanUtils.instantiateClass(BeanUtils.java:220)
	at org.springframework.beans.factory.support.SimpleInstantiationStrategy.instantiate(SimpleInstantiationStrategy.java:129)
	at org.springframework.beans.factory.support.ConstructorResolver.instantiate(ConstructorResolver.java:318)
	... 187 common frames omitted
Caused by: io.jsonwebtoken.security.WeakKeyException: The specified key byte array is 192 bits which is not secure enough for any JWT HMAC-SHA algorithm.  The JWT JWA Specification (RFC 7518, Section 3.2) states that keys used with HMAC-SHA algorithms MUST have a size >= 256 bits (the key size must be greater than or equal to the hash output size).  Consider using the io.jsonwebtoken.security.Keys#secretKeyFor(SignatureAlgorithm) method to create a key guaranteed to be secure enough for your preferred HMAC-SHA algorithm.  See https://tools.ietf.org/html/rfc7518#section-3.2 for more information.
	at io.jsonwebtoken.security.Keys.hmacShaKeyFor(Keys.java:96)
	at com.platform.drockley.security.JwtTokenProvider.<init>(JwtTokenProvider.java:24)
	at java.base/jdk.internal.reflect.DirectConstructorHandleAccessor.newInstance(DirectConstructorHandleAccessor.java:62)
	at java.base/java.lang.reflect.Constructor.newInstanceWithCaller(Constructor.java:499)
	at java.base/java.lang.reflect.Constructor.newInstance(Constructor.java:483)
	at org.springframework.beans.BeanUtils.instantiateClass(BeanUtils.java:207)
	... 189 common frames omitted
2026-05-16 12:26:26 [Test worker] WARN  o.s.b.t.j.DuplicateJsonObjectContextCustomizerFactory$DuplicateJsonObjectContextCustomizer - 

Found multiple occurrences of org.json.JSONObject on the class path:

	jar:file:/C:/Users/Manjunath/.gradle/caches/modules-2/files-2.1/org.json/json/20180130/26ba2ec0e791a32ea5dfbedfcebf36447ee5b12c/json-20180130.jar!/org/json/JSONObject.class
	jar:file:/C:/Users/Manjunath/.gradle/caches/modules-2/files-2.1/com.vaadin.external.google/android-json/0.0.20131108.vaadin1/fa26d351fe62a6a17f5cda1287c1c6110dec413f/android-json-0.0.20131108.vaadin1.jar!/org/json/JSONObject.class

You may wish to exclude one of them to ensure predictable runtime behavior

2026-05-16 12:26:27 [Test worker] INFO  c.p.d.DrockleyApplicationTests - Starting DrockleyApplicationTests using Java 25.0.2 with PID 32468 (started by Manjunath in C:\Users\Manjunath\OneDrive\Desktop\drockley)
2026-05-16 12:26:27 [Test worker] DEBUG c.p.d.DrockleyApplicationTests - Running with Spring Boot v4.0.6, Spring v7.0.7
2026-05-16 12:26:27 [Test worker] INFO  c.p.d.DrockleyApplicationTests - No active profile set, falling back to 1 default profile: "default"
2026-05-16 12:26:27 [Test worker] DEBUG o.s.w.c.s.GenericWebApplicationContext - Refreshing org.springframework.web.context.support.GenericWebApplicationContext@70e94ecb
2026-05-16 12:26:33 [Test worker] INFO  o.s.d.r.c.RepositoryConfigurationDelegate - Bootstrapping Spring Data JPA repositories in DEFAULT mode.
2026-05-16 12:26:33 [Test worker] INFO  o.s.d.r.c.RepositoryConfigurationDelegate - Finished Spring Data repository scanning in 454 ms. Found 8 JPA repository interfaces.
2026-05-16 12:26:36 [Test worker] INFO  org.hibernate.orm.jpa - HHH008540: Processing PersistenceUnitInfo [name: default]
2026-05-16 12:26:36 [Test worker] INFO  org.hibernate.orm.core - HHH000001: Hibernate ORM core version 7.2.12.Final
2026-05-16 12:26:38 [Test worker] INFO  o.s.o.j.p.SpringPersistenceUnitInfo - No LoadTimeWeaver setup: ignoring JPA class transformer
2026-05-16 12:26:38 [Test worker] INFO  com.zaxxer.hikari.HikariDataSource - HikariPool-1 - Starting...
2026-05-16 12:26:39 [Test worker] INFO  com.zaxxer.hikari.pool.HikariPool - HikariPool-1 - Added connection conn0: url=jdbc:h2:mem:drockley_test user=SA
2026-05-16 12:26:39 [Test worker] INFO  com.zaxxer.hikari.HikariDataSource - HikariPool-1 - Start completed.
2026-05-16 12:26:39 [Test worker] WARN  org.hibernate.orm.core - HHH000511: The 2.4.240 version for [org.hibernate.dialect.PostgreSQLDialect] is no longer supported, hence certain features may not work properly.The minimum supported version is 13.0.0. Check the community dialects project for available legacy versions.
2026-05-16 12:26:39 [Test worker] WARN  org.hibernate.orm.deprecation - HHH90000025: PostgreSQLDialect does not need to be specified explicitly using 'hibernate.dialect' (remove the property setting and it will be selected by default)
2026-05-16 12:26:39 [Test worker] INFO  o.hibernate.orm.connections.pooling - HHH10001005: Database info:
	Database JDBC URL [jdbc:h2:mem:drockley_test]
	Database driver: H2 JDBC Driver
	Database dialect: PostgreSQLDialect
	Database version: 2.4.240
	Default catalog/schema: DROCKLEY_TEST/PUBLIC
	Autocommit mode: undefined/unknown
	Isolation level: READ_COMMITTED [default READ_COMMITTED]
	JDBC fetch size: 100
	Pool: DataSourceConnectionProvider
	Minimum pool size: undefined/unknown
	Maximum pool size: undefined/unknown
2026-05-16 12:26:46 [Test worker] INFO  org.hibernate.orm.core - HHH000489: No JTA platform available (set 'hibernate.transaction.jta.platform' to enable JTA platform integration)
2026-05-16 12:26:46 [Test worker] INFO  org.hibernate.orm.jdbc.batch - HHH100501: Automatic JDBC statement batching enabled (maximum batch size 20)
2026-05-16 12:26:46 [Test worker] DEBUG org.hibernate.SQL - 
    set client_min_messages = WARNING
2026-05-16 12:26:46 [Test worker] DEBUG org.hibernate.SQL - 
    alter table if exists availability_slots 
       drop constraint if exists FKn2vpqvod7y41or1ixoyog2nk2
2026-05-16 12:26:46 [Test worker] DEBUG org.hibernate.SQL - 
    alter table if exists bookings 
       drop constraint if exists FKjwwpjbjcfyovdvkw8mv7n6tre
2026-05-16 12:26:46 [Test worker] DEBUG org.hibernate.SQL - 
    alter table if exists bookings 
       drop constraint if exists FKescitlbli6inbb45u6c0ytb4t
2026-05-16 12:26:46 [Test worker] DEBUG org.hibernate.SQL - 
    alter table if exists bookings 
       drop constraint if exists FKeyog2oic85xg7hsu2je2lx3s6
2026-05-16 12:26:46 [Test worker] DEBUG org.hibernate.SQL - 
    alter table if exists expert_expertise 
       drop constraint if exists FKrh70nqipdmx0hcpx12w5u5fqt
2026-05-16 12:26:46 [Test worker] DEBUG org.hibernate.SQL - 
    alter table if exists expert_expertise 
       drop constraint if exists FK9fnutiag6ajxgq86yfttxxle6
2026-05-16 12:26:46 [Test worker] DEBUG org.hibernate.SQL - 
    alter table if exists expert_profiles 
       drop constraint if exists FKkks225ifqx1dyudon32afq4h7
2026-05-16 12:26:46 [Test worker] DEBUG org.hibernate.SQL - 
    alter table if exists payments 
       drop constraint if exists FKc52o2b1jkxttngufqp3t7jr3h
2026-05-16 12:26:46 [Test worker] DEBUG org.hibernate.SQL - 
    alter table if exists reviews 
       drop constraint if exists FK28an517hrxtt2bsg93uefugrm
2026-05-16 12:26:46 [Test worker] DEBUG org.hibernate.SQL - 
    alter table if exists reviews 
       drop constraint if exists FKnd3ibfyntxumbd6wkmuufeogf
2026-05-16 12:26:46 [Test worker] DEBUG org.hibernate.SQL - 
    alter table if exists reviews 
       drop constraint if exists FKd1isgfajhtdl8mgg29up6mofi
2026-05-16 12:26:46 [Test worker] DEBUG org.hibernate.SQL - 
    alter table if exists sessions 
       drop constraint if exists FK9sv19evftr9scoo1vdo2xu6vn
2026-05-16 12:26:46 [Test worker] DEBUG org.hibernate.SQL - 
    drop table if exists availability_slots cascade
2026-05-16 12:26:46 [Test worker] DEBUG org.hibernate.SQL - 
    drop table if exists bookings cascade
2026-05-16 12:26:46 [Test worker] DEBUG org.hibernate.SQL - 
    drop table if exists expert_expertise cascade
2026-05-16 12:26:46 [Test worker] DEBUG org.hibernate.SQL - 
    drop table if exists expert_profiles cascade
2026-05-16 12:26:46 [Test worker] DEBUG org.hibernate.SQL - 
    drop table if exists expertises cascade
2026-05-16 12:26:46 [Test worker] DEBUG org.hibernate.SQL - 
    drop table if exists payments cascade
2026-05-16 12:26:46 [Test worker] DEBUG org.hibernate.SQL - 
    drop table if exists reviews cascade
2026-05-16 12:26:46 [Test worker] DEBUG org.hibernate.SQL - 
    drop table if exists sessions cascade
2026-05-16 12:26:46 [Test worker] DEBUG org.hibernate.SQL - 
    drop table if exists users cascade
2026-05-16 12:26:46 [Test worker] DEBUG org.hibernate.SQL - 
    create table availability_slots (
        booked boolean not null,
        created_at timestamp(6),
        end_time timestamp(6) not null,
        start_time timestamp(6) not null,
        expert_profile_id uuid not null,
        id uuid not null,
        timezone varchar(50),
        primary key (id)
    )
2026-05-16 12:26:46 [Test worker] DEBUG org.hibernate.SQL - 
    create table bookings (
        amount numeric(10,2) not null,
        booking_time timestamp(6),
        created_at timestamp(6),
        availability_slot_id uuid not null unique,
        expert_profile_id uuid not null,
        id uuid not null,
        user_id uuid not null,
        booking_status varchar(255) not null check ((booking_status in ('PENDING','CONFIRMED','CANCELLED','COMPLETED','FAILED'))),
        payment_status varchar(255) not null check ((payment_status in ('INITIATED','SUCCESS','FAILED','REFUNDED'))),
        primary key (id)
    )
2026-05-16 12:26:46 [Test worker] DEBUG org.hibernate.SQL - 
    create table expert_expertise (
        expert_id uuid not null,
        expertise_id uuid not null,
        primary key (expert_id, expertise_id)
    )
2026-05-16 12:26:46 [Test worker] DEBUG org.hibernate.SQL - 
    create table expert_profiles (
        avg_rating float(53) not null,
        experience_years integer not null check ((experience_years>=0)),
        hourly_rate numeric(10,2) not null,
        total_sessions integer not null,
        created_at timestamp(6),
        updated_at timestamp(6),
        id uuid not null,
        user_id uuid not null unique,
        bio TEXT not null,
        headline varchar(255) not null,
        linkedin_url varchar(255),
        verification_status varchar(255) not null check ((verification_status in ('PENDING','VERIFIED','REJECTED'))),
        primary key (id)
    )
2026-05-16 12:26:46 [Test worker] DEBUG org.hibernate.SQL - 
    create table expertises (
        id uuid not null,
        category varchar(100) not null,
        name varchar(100) not null,
        primary key (id),
        unique (name, category)
    )
2026-05-16 12:26:46 [Test worker] DEBUG org.hibernate.SQL - 
    create table payments (
        amount numeric(10,2) not null,
        currency varchar(3),
        created_at timestamp(6),
        paid_at timestamp(6),
        booking_id uuid not null unique,
        id uuid not null,
        payment_gateway varchar(50),
        transaction_id varchar(100),
        payment_status varchar(255) not null check ((payment_status in ('INITIATED','SUCCESS','FAILED','REFUNDED'))),
        primary key (id)
    )
2026-05-16 12:26:46 [Test worker] DEBUG org.hibernate.SQL - 
    create table reviews (
        rating integer not null check ((rating<=5) and (rating>=1)),
        created_at timestamp(6),
        booking_id uuid not null unique,
        expert_profile_id uuid not null,
        id uuid not null,
        reviewer_id uuid not null,
        comment TEXT,
        primary key (id)
    )
2026-05-16 12:26:46 [Test worker] DEBUG org.hibernate.SQL - 
    create table sessions (
        end_time timestamp(6),
        start_time timestamp(6),
        booking_id uuid not null unique,
        id uuid not null,
        meeting_link varchar(500),
        recording_url varchar(500),
        session_status varchar(255) not null check ((session_status in ('SCHEDULED','ONGOING','COMPLETED','CANCELLED'))),
        primary key (id)
    )
2026-05-16 12:26:46 [Test worker] DEBUG org.hibernate.SQL - 
    create table users (
        email_verified boolean not null,
        created_at timestamp(6),
        last_login_at timestamp(6),
        updated_at timestamp(6),
        id uuid not null,
        phone_number varchar(20) not null,
        first_name varchar(100) not null,
        last_name varchar(100),
        email varchar(255) not null unique,
        password varchar(255) not null,
        profile_picture_url varchar(255),
        role varchar(255) not null check ((role in ('ROLE_USER','ROLE_EXPERT','ROLE_ADMIN'))),
        status varchar(255) not null check ((status in ('ACTIVE','INACTIVE','BLOCKED','DELETED'))),
        primary key (id)
    )
2026-05-16 12:26:46 [Test worker] DEBUG org.hibernate.SQL - 
    create index idx_slot_expert 
       on availability_slots (expert_profile_id)
2026-05-16 12:26:46 [Test worker] DEBUG org.hibernate.SQL - 
    create index idx_slot_start_time 
       on availability_slots (start_time)
2026-05-16 12:26:46 [Test worker] DEBUG org.hibernate.SQL - 
    create index idx_slot_booked 
       on availability_slots (booked)
2026-05-16 12:26:46 [Test worker] DEBUG org.hibernate.SQL - 
    create index idx_booking_user 
       on bookings (user_id)
2026-05-16 12:26:46 [Test worker] DEBUG org.hibernate.SQL - 
    create index idx_booking_expert 
       on bookings (expert_profile_id)
2026-05-16 12:26:46 [Test worker] DEBUG org.hibernate.SQL - 
    create index idx_booking_status 
       on bookings (booking_status)
2026-05-16 12:26:46 [Test worker] DEBUG org.hibernate.SQL - 
    create index idx_expert_user 
       on expert_profiles (user_id)
2026-05-16 12:26:46 [Test worker] DEBUG org.hibernate.SQL - 
    create index idx_expert_verification 
       on expert_profiles (verification_status)
2026-05-16 12:26:46 [Test worker] DEBUG org.hibernate.SQL - 
    create index idx_expert_rating 
       on expert_profiles (avg_rating)
2026-05-16 12:26:46 [Test worker] DEBUG org.hibernate.SQL - 
    create index idx_expertise_category 
       on expertises (category)
2026-05-16 12:26:46 [Test worker] DEBUG org.hibernate.SQL - 
    create index idx_payment_booking 
       on payments (booking_id)
2026-05-16 12:26:46 [Test worker] DEBUG org.hibernate.SQL - 
    create index idx_payment_status 
       on payments (payment_status)
2026-05-16 12:26:46 [Test worker] DEBUG org.hibernate.SQL - 
    create index idx_review_booking 
       on reviews (booking_id)
2026-05-16 12:26:46 [Test worker] DEBUG org.hibernate.SQL - 
    create index idx_review_expert 
       on reviews (expert_profile_id)
2026-05-16 12:26:46 [Test worker] DEBUG org.hibernate.SQL - 
    create index idx_review_reviewer 
       on reviews (reviewer_id)
2026-05-16 12:26:46 [Test worker] DEBUG org.hibernate.SQL - 
    create index idx_session_booking 
       on sessions (booking_id)
2026-05-16 12:26:46 [Test worker] DEBUG org.hibernate.SQL - 
    create index idx_session_status 
       on sessions (session_status)
2026-05-16 12:26:46 [Test worker] DEBUG org.hibernate.SQL - 
    create index idx_user_email 
       on users (email)
2026-05-16 12:26:46 [Test worker] DEBUG org.hibernate.SQL - 
    create index idx_user_status 
       on users (status)
2026-05-16 12:26:46 [Test worker] DEBUG org.hibernate.SQL - 
    alter table if exists availability_slots 
       add constraint FKn2vpqvod7y41or1ixoyog2nk2 
       foreign key (expert_profile_id) 
       references expert_profiles
2026-05-16 12:26:46 [Test worker] DEBUG org.hibernate.SQL - 
    alter table if exists bookings 
       add constraint FKjwwpjbjcfyovdvkw8mv7n6tre 
       foreign key (availability_slot_id) 
       references availability_slots
2026-05-16 12:26:46 [Test worker] DEBUG org.hibernate.SQL - 
    alter table if exists bookings 
       add constraint FKescitlbli6inbb45u6c0ytb4t 
       foreign key (expert_profile_id) 
       references expert_profiles
2026-05-16 12:26:46 [Test worker] DEBUG org.hibernate.SQL - 
    alter table if exists bookings 
       add constraint FKeyog2oic85xg7hsu2je2lx3s6 
       foreign key (user_id) 
       references users
2026-05-16 12:26:46 [Test worker] DEBUG org.hibernate.SQL - 
    alter table if exists expert_expertise 
       add constraint FKrh70nqipdmx0hcpx12w5u5fqt 
       foreign key (expertise_id) 
       references expertises
2026-05-16 12:26:46 [Test worker] DEBUG org.hibernate.SQL - 
    alter table if exists expert_expertise 
       add constraint FK9fnutiag6ajxgq86yfttxxle6 
       foreign key (expert_id) 
       references expert_profiles
2026-05-16 12:26:46 [Test worker] DEBUG org.hibernate.SQL - 
    alter table if exists expert_profiles 
       add constraint FKkks225ifqx1dyudon32afq4h7 
       foreign key (user_id) 
       references users
2026-05-16 12:26:46 [Test worker] DEBUG org.hibernate.SQL - 
    alter table if exists payments 
       add constraint FKc52o2b1jkxttngufqp3t7jr3h 
       foreign key (booking_id) 
       references bookings
2026-05-16 12:26:46 [Test worker] DEBUG org.hibernate.SQL - 
    alter table if exists reviews 
       add constraint FK28an517hrxtt2bsg93uefugrm 
       foreign key (booking_id) 
       references bookings
2026-05-16 12:26:46 [Test worker] DEBUG org.hibernate.SQL - 
    alter table if exists reviews 
       add constraint FKnd3ibfyntxumbd6wkmuufeogf 
       foreign key (expert_profile_id) 
       references expert_profiles
2026-05-16 12:26:46 [Test worker] DEBUG org.hibernate.SQL - 
    alter table if exists reviews 
       add constraint FKd1isgfajhtdl8mgg29up6mofi 
       foreign key (reviewer_id) 
       references users
2026-05-16 12:26:46 [Test worker] DEBUG org.hibernate.SQL - 
    alter table if exists sessions 
       add constraint FK9sv19evftr9scoo1vdo2xu6vn 
       foreign key (booking_id) 
       references bookings
2026-05-16 12:26:46 [Test worker] INFO  o.s.o.j.LocalContainerEntityManagerFactoryBean - Initialized JPA EntityManagerFactory for persistence unit 'default'
2026-05-16 12:26:47 [Test worker] INFO  o.s.d.j.r.q.QueryEnhancerFactories - Hibernate is in classpath; If applicable, HQL parser will be used.
2026-05-16 12:26:50 [Test worker] INFO  o.s.s.c.a.a.c.InitializeUserDetailsBeanManagerConfigurer$InitializeUserDetailsManagerConfigurer - Global AuthenticationManager configured with UserDetailsService bean with name customUserDetailsService
2026-05-16 12:26:57 [Test worker] WARN  o.s.b.j.a.JpaBaseConfiguration$JpaWebConfiguration - spring.jpa.open-in-view is enabled by default. Therefore, database queries may be performed during view rendering. Explicitly configure spring.jpa.open-in-view to disable this warning
2026-05-16 12:26:57 [Test worker] WARN  o.s.w.c.s.GenericWebApplicationContext - Exception encountered during context initialization - cancelling refresh attempt: org.springframework.beans.factory.UnsatisfiedDependencyException: Error creating bean with name 'securityFilterChain' defined in class path resource [com/platform/drockley/config/SecurityConfig.class]: Unsatisfied dependency expressed through method 'securityFilterChain' parameter 0: Error creating bean with name 'org.springframework.security.config.annotation.web.configuration.HttpSecurityConfiguration': Unsatisfied dependency expressed through method 'setContentNegotiationStrategy' parameter 0: Error creating bean with name 'mvcContentNegotiationManager' defined in class path resource [org/springframework/boot/webmvc/autoconfigure/WebMvcAutoConfiguration$EnableWebMvcConfiguration.class]: Failed to instantiate [org.springframework.web.accept.ContentNegotiationManager]: Factory method 'mvcContentNegotiationManager' threw exception with message: Error creating bean with name 'jacksonJsonHttpMessageConvertersCustomizer' defined in class path resource [org/springframework/boot/http/converter/autoconfigure/JacksonHttpMessageConvertersConfiguration$JacksonJsonHttpMessageConverterConfiguration.class]: Unsatisfied dependency expressed through method 'jacksonJsonHttpMessageConvertersCustomizer' parameter 0: Error creating bean with name 'jacksonJsonMapper' defined in class path resource [org/springframework/boot/jackson/autoconfigure/JacksonAutoConfiguration.class]: Unsatisfied dependency expressed through method 'jacksonJsonMapper' parameter 0: Error creating bean with name 'jsonMapperBuilder' defined in class path resource [org/springframework/boot/jackson/autoconfigure/JacksonAutoConfiguration.class]: Unsatisfied dependency expressed through method 'jsonMapperBuilder' parameter 0: Error creating bean with name 'standardJsonMapperBuilderCustomizer' defined in class path resource [org/springframework/boot/jackson/autoconfigure/JacksonAutoConfiguration$JacksonJsonMapperBuilderCustomizerConfiguration.class]: Unsatisfied dependency expressed through method 'standardJsonMapperBuilderCustomizer' parameter 0: Error creating bean with name 'spring.jackson-org.springframework.boot.jackson.autoconfigure.JacksonProperties': Could not bind properties to 'JacksonProperties' : prefix=spring.jackson, ignoreInvalidFields=false, ignoreUnknownFields=true
2026-05-16 12:26:57 [Test worker] INFO  o.s.o.j.LocalContainerEntityManagerFactoryBean - Closing JPA EntityManagerFactory for persistence unit 'default'
2026-05-16 12:26:57 [Test worker] DEBUG org.hibernate.SQL - 
    set client_min_messages = WARNING
2026-05-16 12:26:57 [Test worker] DEBUG org.hibernate.SQL - 
    alter table if exists availability_slots 
       drop constraint if exists FKn2vpqvod7y41or1ixoyog2nk2
2026-05-16 12:26:57 [Test worker] DEBUG org.hibernate.SQL - 
    alter table if exists bookings 
       drop constraint if exists FKjwwpjbjcfyovdvkw8mv7n6tre
2026-05-16 12:26:57 [Test worker] DEBUG org.hibernate.SQL - 
    alter table if exists bookings 
       drop constraint if exists FKescitlbli6inbb45u6c0ytb4t
2026-05-16 12:26:57 [Test worker] DEBUG org.hibernate.SQL - 
    alter table if exists bookings 
       drop constraint if exists FKeyog2oic85xg7hsu2je2lx3s6
2026-05-16 12:26:57 [Test worker] DEBUG org.hibernate.SQL - 
    alter table if exists expert_expertise 
       drop constraint if exists FKrh70nqipdmx0hcpx12w5u5fqt
2026-05-16 12:26:57 [Test worker] DEBUG org.hibernate.SQL - 
    alter table if exists expert_expertise 
       drop constraint if exists FK9fnutiag6ajxgq86yfttxxle6
2026-05-16 12:26:57 [Test worker] DEBUG org.hibernate.SQL - 
    alter table if exists expert_profiles 
       drop constraint if exists FKkks225ifqx1dyudon32afq4h7
2026-05-16 12:26:57 [Test worker] DEBUG org.hibernate.SQL - 
    alter table if exists payments 
       drop constraint if exists FKc52o2b1jkxttngufqp3t7jr3h
2026-05-16 12:26:57 [Test worker] DEBUG org.hibernate.SQL - 
    alter table if exists reviews 
       drop constraint if exists FK28an517hrxtt2bsg93uefugrm
2026-05-16 12:26:57 [Test worker] DEBUG org.hibernate.SQL - 
    alter table if exists reviews 
       drop constraint if exists FKnd3ibfyntxumbd6wkmuufeogf
2026-05-16 12:26:57 [Test worker] DEBUG org.hibernate.SQL - 
    alter table if exists reviews 
       drop constraint if exists FKd1isgfajhtdl8mgg29up6mofi
2026-05-16 12:26:57 [Test worker] DEBUG org.hibernate.SQL - 
    alter table if exists sessions 
       drop constraint if exists FK9sv19evftr9scoo1vdo2xu6vn
2026-05-16 12:26:57 [Test worker] DEBUG org.hibernate.SQL - 
    drop table if exists availability_slots cascade
2026-05-16 12:26:57 [Test worker] DEBUG org.hibernate.SQL - 
    drop table if exists bookings cascade
2026-05-16 12:26:57 [Test worker] DEBUG org.hibernate.SQL - 
    drop table if exists expert_expertise cascade
2026-05-16 12:26:57 [Test worker] DEBUG org.hibernate.SQL - 
    drop table if exists expert_profiles cascade
2026-05-16 12:26:57 [Test worker] DEBUG org.hibernate.SQL - 
    drop table if exists expertises cascade
2026-05-16 12:26:57 [Test worker] DEBUG org.hibernate.SQL - 
    drop table if exists payments cascade
2026-05-16 12:26:57 [Test worker] DEBUG org.hibernate.SQL - 
    drop table if exists reviews cascade
2026-05-16 12:26:57 [Test worker] DEBUG org.hibernate.SQL - 
    drop table if exists sessions cascade
2026-05-16 12:26:57 [Test worker] DEBUG org.hibernate.SQL - 
    drop table if exists users cascade
2026-05-16 12:26:57 [Test worker] INFO  com.zaxxer.hikari.HikariDataSource - HikariPool-1 - Shutdown initiated...
2026-05-16 12:26:57 [Test worker] INFO  com.zaxxer.hikari.HikariDataSource - HikariPool-1 - Shutdown completed.
2026-05-16 12:26:57 [Test worker] INFO  o.s.b.a.l.ConditionEvaluationReportLogger - 

Error starting ApplicationContext. To display the condition evaluation report re-run your application with 'debug' enabled.
2026-05-16 12:26:57 [Test worker] ERROR o.s.b.d.LoggingFailureAnalysisReporter - 

***************************
APPLICATION FAILED TO START
***************************

Description:

Failed to bind properties under 'spring.jackson.serialization' to java.util.Map<tools.jackson.databind.SerializationFeature, java.lang.Boolean>:

    Reason: failed to convert java.lang.String to tools.jackson.databind.SerializationFeature (caused by java.lang.IllegalArgumentException: No enum constant tools.jackson.databind.SerializationFeature.write-dates-as-timestamps)

Action:

Update your application's configuration. The following values are valid:

    APPLY_JSON_INCLUDE_FOR_CONTAINERS
    CLOSE_CLOSEABLE
    EAGER_SERIALIZER_FETCH
    FAIL_ON_EMPTY_BEANS
    FAIL_ON_ORDER_MAP_BY_INCOMPARABLE_KEY
    FAIL_ON_SELF_REFERENCES
    FAIL_ON_UNWRAPPED_TYPE_IDENTIFIERS
    FLUSH_AFTER_WRITE_VALUE
    INDENT_OUTPUT
    ORDER_MAP_ENTRIES_BY_KEYS
    USE_EQUALITY_FOR_OBJECT_ID
    WRAP_EXCEPTIONS
    WRAP_ROOT_VALUE
    WRITE_CHAR_ARRAYS_AS_JSON_ARRAYS
    WRITE_EMPTY_JSON_ARRAYS
    WRITE_SELF_REFERENCES_AS_NULL
    WRITE_SINGLE_ELEM_ARRAYS_UNWRAPPED

2026-05-16 12:26:57 [Test worker] WARN  o.s.test.context.TestContextManager - Caught exception while allowing TestExecutionListener [org.springframework.test.context.web.ServletTestExecutionListener] to prepare test instance [com.platform.drockley.DrockleyApplicationTests@5da85657]
java.lang.IllegalStateException: Failed to load ApplicationContext for [WebMergedContextConfiguration@6092de45 testClass = com.platform.drockley.DrockleyApplicationTests, locations = [], classes = [com.platform.drockley.DrockleyApplication], contextInitializerClasses = [], activeProfiles = [], propertySourceDescriptors = [], propertySourceProperties = ["spring.datasource.url=jdbc:h2:mem:drockley_test;MODE=PostgreSQL;DB_CLOSE_DELAY=-1;DB_CLOSE_ON_EXIT=FALSE", "spring.datasource.driver-class-name=org.h2.Driver", "spring.datasource.username=sa", "spring.datasource.password=", "spring.jpa.hibernate.ddl-auto=create-drop", "spring.jpa.database-platform=org.hibernate.dialect.H2Dialect", "spring.flyway.enabled=false", "org.springframework.boot.test.context.SpringBootTestContextBootstrapper=true"], contextCustomizers = [org.springframework.boot.test.autoconfigure.OnFailureConditionReportContextCustomizerFactory$OnFailureConditionReportContextCustomizer@718607eb, org.springframework.boot.test.context.PropertyMappingContextCustomizer@0, org.springframework.boot.test.context.filter.ExcludeFilterContextCustomizer@91c4a3f, org.springframework.boot.test.json.DuplicateJsonObjectContextCustomizerFactory$DuplicateJsonObjectContextCustomizer@6bfdb014, org.springframework.boot.web.server.context.SpringBootTestRandomPortContextCustomizer@4aa3d36, org.springframework.test.context.support.DynamicPropertiesContextCustomizer@0, org.springframework.boot.test.context.SpringBootTestAnnotation@74c53a1f], resourceBasePath = "src/main/webapp", contextLoader = org.springframework.boot.test.context.SpringBootContextLoader, parent = null]
	at org.springframework.test.context.cache.DefaultCacheAwareContextLoaderDelegate.lambda$loadContext$0(DefaultCacheAwareContextLoaderDelegate.java:195)
	at org.springframework.test.context.cache.DefaultContextCache.put(DefaultContextCache.java:214)
	at org.springframework.test.context.cache.DefaultCacheAwareContextLoaderDelegate.loadContext(DefaultCacheAwareContextLoaderDelegate.java:160)
	at org.springframework.test.context.support.DefaultTestContext.getApplicationContext(DefaultTestContext.java:128)
	at org.springframework.test.context.web.ServletTestExecutionListener.setUpRequestContextIfNecessary(ServletTestExecutionListener.java:200)
	at org.springframework.test.context.web.ServletTestExecutionListener.prepareTestInstance(ServletTestExecutionListener.java:139)
	at org.springframework.test.context.TestContextManager.prepareTestInstance(TestContextManager.java:260)
	at org.springframework.test.context.junit.jupiter.SpringExtension.postProcessTestInstance(SpringExtension.java:242)
	at org.junit.jupiter.engine.descriptor.ClassBasedTestDescriptor.lambda$invokeTestInstancePostProcessors$1(ClassBasedTestDescriptor.java:423)
	at org.junit.jupiter.engine.descriptor.ClassBasedTestDescriptor.executeAndMaskThrowable(ClassBasedTestDescriptor.java:428)
	at org.junit.jupiter.engine.descriptor.ClassBasedTestDescriptor.lambda$invokeTestInstancePostProcessors$0(ClassBasedTestDescriptor.java:422)
	at java.base/java.util.stream.ForEachOps$ForEachOp$OfRef.accept(ForEachOps.java:186)
	at java.base/java.util.stream.ReferencePipeline$3$1.accept(ReferencePipeline.java:214)
	at java.base/java.util.stream.ReferencePipeline$2$1.accept(ReferencePipeline.java:197)
	at java.base/java.util.stream.ReferencePipeline$3$1.accept(ReferencePipeline.java:214)
	at java.base/java.util.ArrayList$ArrayListSpliterator.forEachRemaining(ArrayList.java:1716)
	at java.base/java.util.stream.AbstractPipeline.copyInto(AbstractPipeline.java:570)
	at java.base/java.util.stream.AbstractPipeline.wrapAndCopyInto(AbstractPipeline.java:560)
	at java.base/java.util.stream.ForEachOps$ForEachOp.evaluateSequential(ForEachOps.java:153)
	at java.base/java.util.stream.ForEachOps$ForEachOp$OfRef.evaluateSequential(ForEachOps.java:176)
	at java.base/java.util.stream.AbstractPipeline.evaluate(AbstractPipeline.java:265)
	at java.base/java.util.stream.ReferencePipeline.forEach(ReferencePipeline.java:632)
	at org.junit.jupiter.engine.descriptor.ClassBasedTestDescriptor.invokeTestInstancePostProcessors(ClassBasedTestDescriptor.java:422)
	at org.junit.jupiter.engine.descriptor.ClassBasedTestDescriptor.lambda$instantiateAndPostProcessTestInstance$0(ClassBasedTestDescriptor.java:334)
	at org.junit.platform.engine.support.hierarchical.ThrowableCollector.execute(ThrowableCollector.java:74)
	at org.junit.jupiter.engine.descriptor.ClassBasedTestDescriptor.instantiateAndPostProcessTestInstance(ClassBasedTestDescriptor.java:333)
	at org.junit.jupiter.engine.descriptor.ClassBasedTestDescriptor.lambda$testInstancesProvider$1(ClassBasedTestDescriptor.java:322)
	at java.base/java.util.Optional.orElseGet(Optional.java:364)
	at org.junit.jupiter.engine.descriptor.ClassBasedTestDescriptor.lambda$testInstancesProvider$0(ClassBasedTestDescriptor.java:321)
	at org.junit.jupiter.engine.execution.TestInstancesProvider.getTestInstances(TestInstancesProvider.java:27)
	at org.junit.jupiter.engine.descriptor.TestMethodTestDescriptor.lambda$prepare$0(TestMethodTestDescriptor.java:127)
	at org.junit.platform.engine.support.hierarchical.ThrowableCollector.execute(ThrowableCollector.java:74)
	at org.junit.jupiter.engine.descriptor.TestMethodTestDescriptor.prepare(TestMethodTestDescriptor.java:126)
	at org.junit.jupiter.engine.descriptor.TestMethodTestDescriptor.prepare(TestMethodTestDescriptor.java:70)
	at org.junit.platform.engine.support.hierarchical.NodeTestTask.lambda$prepare$0(NodeTestTask.java:144)
	at org.junit.platform.engine.support.hierarchical.ThrowableCollector.execute(ThrowableCollector.java:74)
	at org.junit.platform.engine.support.hierarchical.NodeTestTask.prepare(NodeTestTask.java:144)
	at org.junit.platform.engine.support.hierarchical.NodeTestTask.execute(NodeTestTask.java:110)
	at java.base/java.util.ArrayList.forEach(ArrayList.java:1604)
	at org.junit.platform.engine.support.hierarchical.SameThreadHierarchicalTestExecutorService.invokeAll(SameThreadHierarchicalTestExecutorService.java:42)
	at org.junit.platform.engine.support.hierarchical.NodeTestTask.lambda$executeRecursively$2(NodeTestTask.java:180)
	at org.junit.platform.engine.support.hierarchical.ThrowableCollector.execute(ThrowableCollector.java:74)
	at org.junit.platform.engine.support.hierarchical.NodeTestTask.lambda$executeRecursively$1(NodeTestTask.java:166)
	at org.junit.platform.engine.support.hierarchical.Node.around(Node.java:138)
	at org.junit.platform.engine.support.hierarchical.NodeTestTask.lambda$executeRecursively$0(NodeTestTask.java:164)
	at org.junit.platform.engine.support.hierarchical.ThrowableCollector.execute(ThrowableCollector.java:74)
	at org.junit.platform.engine.support.hierarchical.NodeTestTask.executeRecursively(NodeTestTask.java:163)
	at org.junit.platform.engine.support.hierarchical.NodeTestTask.execute(NodeTestTask.java:116)
	at java.base/java.util.ArrayList.forEach(ArrayList.java:1604)
	at org.junit.platform.engine.support.hierarchical.SameThreadHierarchicalTestExecutorService.invokeAll(SameThreadHierarchicalTestExecutorService.java:42)
	at org.junit.platform.engine.support.hierarchical.NodeTestTask.lambda$executeRecursively$2(NodeTestTask.java:180)
	at org.junit.platform.engine.support.hierarchical.ThrowableCollector.execute(ThrowableCollector.java:74)
	at org.junit.platform.engine.support.hierarchical.NodeTestTask.lambda$executeRecursively$1(NodeTestTask.java:166)
	at org.junit.platform.engine.support.hierarchical.Node.around(Node.java:138)
	at org.junit.platform.engine.support.hierarchical.NodeTestTask.lambda$executeRecursively$0(NodeTestTask.java:164)
	at org.junit.platform.engine.support.hierarchical.ThrowableCollector.execute(ThrowableCollector.java:74)
	at org.junit.platform.engine.support.hierarchical.NodeTestTask.executeRecursively(NodeTestTask.java:163)
	at org.junit.platform.engine.support.hierarchical.NodeTestTask.execute(NodeTestTask.java:116)
	at org.junit.platform.engine.support.hierarchical.SameThreadHierarchicalTestExecutorService.submit(SameThreadHierarchicalTestExecutorService.java:36)
	at org.junit.platform.engine.support.hierarchical.HierarchicalTestExecutor.execute(HierarchicalTestExecutor.java:52)
	at org.junit.platform.engine.support.hierarchical.HierarchicalTestEngine.execute(HierarchicalTestEngine.java:58)
	at org.junit.platform.launcher.core.EngineExecutionOrchestrator.executeEngine(EngineExecutionOrchestrator.java:246)
	at org.junit.platform.launcher.core.EngineExecutionOrchestrator.failOrExecuteEngine(EngineExecutionOrchestrator.java:218)
	at org.junit.platform.launcher.core.EngineExecutionOrchestrator.execute(EngineExecutionOrchestrator.java:179)
	at org.junit.platform.launcher.core.EngineExecutionOrchestrator.execute(EngineExecutionOrchestrator.java:108)
	at org.junit.platform.launcher.core.EngineExecutionOrchestrator.lambda$execute$0(EngineExecutionOrchestrator.java:66)
	at org.junit.platform.launcher.core.EngineExecutionOrchestrator.withInterceptedStreams(EngineExecutionOrchestrator.java:157)
	at org.junit.platform.launcher.core.EngineExecutionOrchestrator.execute(EngineExecutionOrchestrator.java:65)
	at org.junit.platform.launcher.core.DefaultLauncher.execute(DefaultLauncher.java:125)
	at org.junit.platform.launcher.core.DefaultLauncher.execute(DefaultLauncher.java:114)
	at org.junit.platform.launcher.core.DefaultLauncher.execute(DefaultLauncher.java:93)
	at org.junit.platform.launcher.core.DelegatingLauncher.execute(DelegatingLauncher.java:48)
	at org.junit.platform.launcher.core.InterceptingLauncher.lambda$execute$0(InterceptingLauncher.java:41)
	at org.junit.platform.launcher.core.ClasspathAlignmentCheckingLauncherInterceptor.intercept(ClasspathAlignmentCheckingLauncherInterceptor.java:25)
	at org.junit.platform.launcher.core.InterceptingLauncher.execute(InterceptingLauncher.java:40)
	at org.junit.platform.launcher.core.DelegatingLauncher.execute(DelegatingLauncher.java:48)
	at org.gradle.api.internal.tasks.testing.junitplatform.JUnitPlatformTestDefinitionProcessor$CollectThenExecuteTestDefinitionConsumer.processAllTestDefinitions(JUnitPlatformTestDefinitionProcessor.java:179)
	at org.gradle.api.internal.tasks.testing.junitplatform.JUnitPlatformTestDefinitionProcessor$CollectThenExecuteTestDefinitionConsumer.access$000(JUnitPlatformTestDefinitionProcessor.java:122)
	at org.gradle.api.internal.tasks.testing.junitplatform.JUnitPlatformTestDefinitionProcessor.stop(JUnitPlatformTestDefinitionProcessor.java:116)
	at org.gradle.api.internal.tasks.testing.SuiteTestDefinitionProcessor.stop(SuiteTestDefinitionProcessor.java:63)
	at java.base/jdk.internal.reflect.DirectMethodHandleAccessor.invoke(DirectMethodHandleAccessor.java:104)
	at java.base/java.lang.reflect.Method.invoke(Method.java:565)
	at org.gradle.internal.dispatch.MethodInvocation.invokeOn(MethodInvocation.java:77)
	at org.gradle.internal.dispatch.ReflectionDispatch.dispatch(ReflectionDispatch.java:28)
	at org.gradle.internal.dispatch.ReflectionDispatch.dispatch(ReflectionDispatch.java:19)
	at org.gradle.internal.dispatch.ContextClassLoaderDispatch.dispatch(ContextClassLoaderDispatch.java:33)
	at org.gradle.internal.dispatch.ProxyDispatchAdapter$DispatchingInvocationHandler.invoke(ProxyDispatchAdapter.java:88)
	at jdk.proxy1/jdk.proxy1.$Proxy4.stop(Unknown Source)
	at org.gradle.api.internal.tasks.testing.worker.TestWorker$3.run(TestWorker.java:195)
	at org.gradle.api.internal.tasks.testing.worker.TestWorker.executeAndMaintainThreadName(TestWorker.java:126)
	at org.gradle.api.internal.tasks.testing.worker.TestWorker.execute(TestWorker.java:103)
	at org.gradle.api.internal.tasks.testing.worker.TestWorker.execute(TestWorker.java:63)
	at org.gradle.process.internal.worker.child.ActionExecutionWorker.execute(ActionExecutionWorker.java:56)
	at org.gradle.process.internal.worker.child.SystemApplicationClassLoaderWorker.call(SystemApplicationClassLoaderWorker.java:122)
	at org.gradle.process.internal.worker.child.SystemApplicationClassLoaderWorker.call(SystemApplicationClassLoaderWorker.java:72)
	at worker.org.gradle.process.internal.worker.GradleWorkerMain.run(GradleWorkerMain.java:69)
	at worker.org.gradle.process.internal.worker.GradleWorkerMain.main(GradleWorkerMain.java:74)
Caused by: org.springframework.beans.factory.UnsatisfiedDependencyException: Error creating bean with name 'securityFilterChain' defined in class path resource [com/platform/drockley/config/SecurityConfig.class]: Unsatisfied dependency expressed through method 'securityFilterChain' parameter 0: Error creating bean with name 'org.springframework.security.config.annotation.web.configuration.HttpSecurityConfiguration': Unsatisfied dependency expressed through method 'setContentNegotiationStrategy' parameter 0: Error creating bean with name 'mvcContentNegotiationManager' defined in class path resource [org/springframework/boot/webmvc/autoconfigure/WebMvcAutoConfiguration$EnableWebMvcConfiguration.class]: Failed to instantiate [org.springframework.web.accept.ContentNegotiationManager]: Factory method 'mvcContentNegotiationManager' threw exception with message: Error creating bean with name 'jacksonJsonHttpMessageConvertersCustomizer' defined in class path resource [org/springframework/boot/http/converter/autoconfigure/JacksonHttpMessageConvertersConfiguration$JacksonJsonHttpMessageConverterConfiguration.class]: Unsatisfied dependency expressed through method 'jacksonJsonHttpMessageConvertersCustomizer' parameter 0: Error creating bean with name 'jacksonJsonMapper' defined in class path resource [org/springframework/boot/jackson/autoconfigure/JacksonAutoConfiguration.class]: Unsatisfied dependency expressed through method 'jacksonJsonMapper' parameter 0: Error creating bean with name 'jsonMapperBuilder' defined in class path resource [org/springframework/boot/jackson/autoconfigure/JacksonAutoConfiguration.class]: Unsatisfied dependency expressed through method 'jsonMapperBuilder' parameter 0: Error creating bean with name 'standardJsonMapperBuilderCustomizer' defined in class path resource [org/springframework/boot/jackson/autoconfigure/JacksonAutoConfiguration$JacksonJsonMapperBuilderCustomizerConfiguration.class]: Unsatisfied dependency expressed through method 'standardJsonMapperBuilderCustomizer' parameter 0: Error creating bean with name 'spring.jackson-org.springframework.boot.jackson.autoconfigure.JacksonProperties': Could not bind properties to 'JacksonProperties' : prefix=spring.jackson, ignoreInvalidFields=false, ignoreUnknownFields=true
	at org.springframework.beans.factory.support.ConstructorResolver.createArgumentArray(ConstructorResolver.java:804)
	at org.springframework.beans.factory.support.ConstructorResolver.instantiateUsingFactoryMethod(ConstructorResolver.java:546)
	at org.springframework.beans.factory.support.AbstractAutowireCapableBeanFactory.instantiateUsingFactoryMethod(AbstractAutowireCapableBeanFactory.java:1362)
	at org.springframework.beans.factory.support.AbstractAutowireCapableBeanFactory.createBeanInstance(AbstractAutowireCapableBeanFactory.java:1194)
	at org.springframework.beans.factory.support.AbstractAutowireCapableBeanFactory.doCreateBean(AbstractAutowireCapableBeanFactory.java:565)
	at org.springframework.beans.factory.support.AbstractAutowireCapableBeanFactory.createBean(AbstractAutowireCapableBeanFactory.java:525)
	at org.springframework.beans.factory.support.AbstractBeanFactory.lambda$doGetBean$0(AbstractBeanFactory.java:333)
	at org.springframework.beans.factory.support.DefaultSingletonBeanRegistry.getSingleton(DefaultSingletonBeanRegistry.java:371)
	at org.springframework.beans.factory.support.AbstractBeanFactory.doGetBean(AbstractBeanFactory.java:331)
	at org.springframework.beans.factory.support.AbstractBeanFactory.getBean(AbstractBeanFactory.java:196)
	at org.springframework.beans.factory.support.DefaultListableBeanFactory.instantiateSingleton(DefaultListableBeanFactory.java:1218)
	at org.springframework.beans.factory.support.DefaultListableBeanFactory.preInstantiateSingleton(DefaultListableBeanFactory.java:1184)
	at org.springframework.beans.factory.support.DefaultListableBeanFactory.preInstantiateSingletons(DefaultListableBeanFactory.java:1121)
	at org.springframework.context.support.AbstractApplicationContext.finishBeanFactoryInitialization(AbstractApplicationContext.java:994)
	at org.springframework.context.support.AbstractApplicationContext.refresh(AbstractApplicationContext.java:621)
	at org.springframework.boot.SpringApplication.refresh(SpringApplication.java:756)
	at org.springframework.boot.SpringApplication.refreshContext(SpringApplication.java:445)
	at org.springframework.boot.SpringApplication.run(SpringApplication.java:321)
	at org.springframework.boot.test.context.SpringBootContextLoader.lambda$loadContext$2(SpringBootContextLoader.java:155)
	at org.springframework.util.function.ThrowingSupplier.get(ThrowingSupplier.java:58)
	at org.springframework.util.function.ThrowingSupplier.get(ThrowingSupplier.java:46)
	at org.springframework.boot.SpringApplication.withHook(SpringApplication.java:1465)
	at org.springframework.boot.test.context.SpringBootContextLoader$ContextLoaderHook.run(SpringBootContextLoader.java:600)
	at org.springframework.boot.test.context.SpringBootContextLoader.loadContext(SpringBootContextLoader.java:155)
	at org.springframework.boot.test.context.SpringBootContextLoader.loadContext(SpringBootContextLoader.java:114)
	at org.springframework.test.context.cache.DefaultCacheAwareContextLoaderDelegate.loadContextInternal(DefaultCacheAwareContextLoaderDelegate.java:247)
	at org.springframework.test.context.cache.DefaultCacheAwareContextLoaderDelegate.lambda$loadContext$0(DefaultCacheAwareContextLoaderDelegate.java:167)
	... 96 common frames omitted
Caused by: org.springframework.beans.factory.UnsatisfiedDependencyException: Error creating bean with name 'org.springframework.security.config.annotation.web.configuration.HttpSecurityConfiguration': Unsatisfied dependency expressed through method 'setContentNegotiationStrategy' parameter 0: Error creating bean with name 'mvcContentNegotiationManager' defined in class path resource [org/springframework/boot/webmvc/autoconfigure/WebMvcAutoConfiguration$EnableWebMvcConfiguration.class]: Failed to instantiate [org.springframework.web.accept.ContentNegotiationManager]: Factory method 'mvcContentNegotiationManager' threw exception with message: Error creating bean with name 'jacksonJsonHttpMessageConvertersCustomizer' defined in class path resource [org/springframework/boot/http/converter/autoconfigure/JacksonHttpMessageConvertersConfiguration$JacksonJsonHttpMessageConverterConfiguration.class]: Unsatisfied dependency expressed through method 'jacksonJsonHttpMessageConvertersCustomizer' parameter 0: Error creating bean with name 'jacksonJsonMapper' defined in class path resource [org/springframework/boot/jackson/autoconfigure/JacksonAutoConfiguration.class]: Unsatisfied dependency expressed through method 'jacksonJsonMapper' parameter 0: Error creating bean with name 'jsonMapperBuilder' defined in class path resource [org/springframework/boot/jackson/autoconfigure/JacksonAutoConfiguration.class]: Unsatisfied dependency expressed through method 'jsonMapperBuilder' parameter 0: Error creating bean with name 'standardJsonMapperBuilderCustomizer' defined in class path resource [org/springframework/boot/jackson/autoconfigure/JacksonAutoConfiguration$JacksonJsonMapperBuilderCustomizerConfiguration.class]: Unsatisfied dependency expressed through method 'standardJsonMapperBuilderCustomizer' parameter 0: Error creating bean with name 'spring.jackson-org.springframework.boot.jackson.autoconfigure.JacksonProperties': Could not bind properties to 'JacksonProperties' : prefix=spring.jackson, ignoreInvalidFields=false, ignoreUnknownFields=true
	at org.springframework.beans.factory.annotation.AutowiredAnnotationBeanPostProcessor$AutowiredMethodElement.resolveMethodArguments(AutowiredAnnotationBeanPostProcessor.java:872)
	at org.springframework.beans.factory.annotation.AutowiredAnnotationBeanPostProcessor$AutowiredMethodElement.inject(AutowiredAnnotationBeanPostProcessor.java:827)
	at org.springframework.beans.factory.annotation.InjectionMetadata.inject(InjectionMetadata.java:146)
	at org.springframework.beans.factory.annotation.AutowiredAnnotationBeanPostProcessor.postProcessProperties(AutowiredAnnotationBeanPostProcessor.java:493)
	at org.springframework.beans.factory.support.AbstractAutowireCapableBeanFactory.populateBean(AbstractAutowireCapableBeanFactory.java:1446)
	at org.springframework.beans.factory.support.AbstractAutowireCapableBeanFactory.doCreateBean(AbstractAutowireCapableBeanFactory.java:602)
	at org.springframework.beans.factory.support.AbstractAutowireCapableBeanFactory.createBean(AbstractAutowireCapableBeanFactory.java:525)
	at org.springframework.beans.factory.support.AbstractBeanFactory.lambda$doGetBean$0(AbstractBeanFactory.java:333)
	at org.springframework.beans.factory.support.DefaultSingletonBeanRegistry.getSingleton(DefaultSingletonBeanRegistry.java:371)
	at org.springframework.beans.factory.support.AbstractBeanFactory.doGetBean(AbstractBeanFactory.java:331)
	at org.springframework.beans.factory.support.AbstractBeanFactory.getBean(AbstractBeanFactory.java:196)
	at org.springframework.beans.factory.support.ConstructorResolver.instantiateUsingFactoryMethod(ConstructorResolver.java:413)
	at org.springframework.beans.factory.support.AbstractAutowireCapableBeanFactory.instantiateUsingFactoryMethod(AbstractAutowireCapableBeanFactory.java:1362)
	at org.springframework.beans.factory.support.AbstractAutowireCapableBeanFactory.createBeanInstance(AbstractAutowireCapableBeanFactory.java:1194)
	at org.springframework.beans.factory.support.AbstractAutowireCapableBeanFactory.doCreateBean(AbstractAutowireCapableBeanFactory.java:565)
	at org.springframework.beans.factory.support.AbstractAutowireCapableBeanFactory.createBean(AbstractAutowireCapableBeanFactory.java:525)
	at org.springframework.beans.factory.support.AbstractBeanFactory.doGetBean(AbstractBeanFactory.java:351)
	at org.springframework.beans.factory.support.AbstractBeanFactory.getBean(AbstractBeanFactory.java:201)
	at org.springframework.beans.factory.config.DependencyDescriptor.resolveCandidate(DependencyDescriptor.java:229)
	at org.springframework.beans.factory.support.DefaultListableBeanFactory.doResolveDependency(DefaultListableBeanFactory.java:1762)
	at org.springframework.beans.factory.support.DefaultListableBeanFactory.resolveDependency(DefaultListableBeanFactory.java:1651)
	at org.springframework.beans.factory.support.ConstructorResolver.resolveAutowiredArgument(ConstructorResolver.java:912)
	at org.springframework.beans.factory.support.ConstructorResolver.createArgumentArray(ConstructorResolver.java:791)
	... 122 common frames omitted
Caused by: org.springframework.beans.factory.BeanCreationException: Error creating bean with name 'mvcContentNegotiationManager' defined in class path resource [org/springframework/boot/webmvc/autoconfigure/WebMvcAutoConfiguration$EnableWebMvcConfiguration.class]: Failed to instantiate [org.springframework.web.accept.ContentNegotiationManager]: Factory method 'mvcContentNegotiationManager' threw exception with message: Error creating bean with name 'jacksonJsonHttpMessageConvertersCustomizer' defined in class path resource [org/springframework/boot/http/converter/autoconfigure/JacksonHttpMessageConvertersConfiguration$JacksonJsonHttpMessageConverterConfiguration.class]: Unsatisfied dependency expressed through method 'jacksonJsonHttpMessageConvertersCustomizer' parameter 0: Error creating bean with name 'jacksonJsonMapper' defined in class path resource [org/springframework/boot/jackson/autoconfigure/JacksonAutoConfiguration.class]: Unsatisfied dependency expressed through method 'jacksonJsonMapper' parameter 0: Error creating bean with name 'jsonMapperBuilder' defined in class path resource [org/springframework/boot/jackson/autoconfigure/JacksonAutoConfiguration.class]: Unsatisfied dependency expressed through method 'jsonMapperBuilder' parameter 0: Error creating bean with name 'standardJsonMapperBuilderCustomizer' defined in class path resource [org/springframework/boot/jackson/autoconfigure/JacksonAutoConfiguration$JacksonJsonMapperBuilderCustomizerConfiguration.class]: Unsatisfied dependency expressed through method 'standardJsonMapperBuilderCustomizer' parameter 0: Error creating bean with name 'spring.jackson-org.springframework.boot.jackson.autoconfigure.JacksonProperties': Could not bind properties to 'JacksonProperties' : prefix=spring.jackson, ignoreInvalidFields=false, ignoreUnknownFields=true
	at org.springframework.beans.factory.support.ConstructorResolver.instantiate(ConstructorResolver.java:657)
	at org.springframework.beans.factory.support.ConstructorResolver.instantiateUsingFactoryMethod(ConstructorResolver.java:489)
	at org.springframework.beans.factory.support.AbstractAutowireCapableBeanFactory.instantiateUsingFactoryMethod(AbstractAutowireCapableBeanFactory.java:1362)
	at org.springframework.beans.factory.support.AbstractAutowireCapableBeanFactory.createBeanInstance(AbstractAutowireCapableBeanFactory.java:1194)
	at org.springframework.beans.factory.support.AbstractAutowireCapableBeanFactory.doCreateBean(AbstractAutowireCapableBeanFactory.java:565)
	at org.springframework.beans.factory.support.AbstractAutowireCapableBeanFactory.createBean(AbstractAutowireCapableBeanFactory.java:525)
	at org.springframework.beans.factory.support.AbstractBeanFactory.lambda$doGetBean$0(AbstractBeanFactory.java:333)
	at org.springframework.beans.factory.support.DefaultSingletonBeanRegistry.getSingleton(DefaultSingletonBeanRegistry.java:371)
	at org.springframework.beans.factory.support.AbstractBeanFactory.doGetBean(AbstractBeanFactory.java:331)
	at org.springframework.beans.factory.support.AbstractBeanFactory.getBean(AbstractBeanFactory.java:201)
	at org.springframework.beans.factory.config.DependencyDescriptor.resolveCandidate(DependencyDescriptor.java:229)
	at org.springframework.beans.factory.support.DefaultListableBeanFactory.doResolveDependency(DefaultListableBeanFactory.java:1762)
	at org.springframework.beans.factory.support.DefaultListableBeanFactory.resolveDependency(DefaultListableBeanFactory.java:1651)
	at org.springframework.beans.factory.annotation.AutowiredAnnotationBeanPostProcessor$AutowiredMethodElement.resolveMethodArguments(AutowiredAnnotationBeanPostProcessor.java:864)
	... 144 common frames omitted
Caused by: org.springframework.beans.BeanInstantiationException: Failed to instantiate [org.springframework.web.accept.ContentNegotiationManager]: Factory method 'mvcContentNegotiationManager' threw exception with message: Error creating bean with name 'jacksonJsonHttpMessageConvertersCustomizer' defined in class path resource [org/springframework/boot/http/converter/autoconfigure/JacksonHttpMessageConvertersConfiguration$JacksonJsonHttpMessageConverterConfiguration.class]: Unsatisfied dependency expressed through method 'jacksonJsonHttpMessageConvertersCustomizer' parameter 0: Error creating bean with name 'jacksonJsonMapper' defined in class path resource [org/springframework/boot/jackson/autoconfigure/JacksonAutoConfiguration.class]: Unsatisfied dependency expressed through method 'jacksonJsonMapper' parameter 0: Error creating bean with name 'jsonMapperBuilder' defined in class path resource [org/springframework/boot/jackson/autoconfigure/JacksonAutoConfiguration.class]: Unsatisfied dependency expressed through method 'jsonMapperBuilder' parameter 0: Error creating bean with name 'standardJsonMapperBuilderCustomizer' defined in class path resource [org/springframework/boot/jackson/autoconfigure/JacksonAutoConfiguration$JacksonJsonMapperBuilderCustomizerConfiguration.class]: Unsatisfied dependency expressed through method 'standardJsonMapperBuilderCustomizer' parameter 0: Error creating bean with name 'spring.jackson-org.springframework.boot.jackson.autoconfigure.JacksonProperties': Could not bind properties to 'JacksonProperties' : prefix=spring.jackson, ignoreInvalidFields=false, ignoreUnknownFields=true
	at org.springframework.beans.factory.support.SimpleInstantiationStrategy.lambda$instantiate$0(SimpleInstantiationStrategy.java:183)
	at org.springframework.beans.factory.support.SimpleInstantiationStrategy.instantiateWithFactoryMethod(SimpleInstantiationStrategy.java:72)
	at org.springframework.beans.factory.support.SimpleInstantiationStrategy.instantiate(SimpleInstantiationStrategy.java:152)
	at org.springframework.beans.factory.support.ConstructorResolver.instantiate(ConstructorResolver.java:653)
	... 157 common frames omitted
Caused by: org.springframework.beans.factory.UnsatisfiedDependencyException: Error creating bean with name 'jacksonJsonHttpMessageConvertersCustomizer' defined in class path resource [org/springframework/boot/http/converter/autoconfigure/JacksonHttpMessageConvertersConfiguration$JacksonJsonHttpMessageConverterConfiguration.class]: Unsatisfied dependency expressed through method 'jacksonJsonHttpMessageConvertersCustomizer' parameter 0: Error creating bean with name 'jacksonJsonMapper' defined in class path resource [org/springframework/boot/jackson/autoconfigure/JacksonAutoConfiguration.class]: Unsatisfied dependency expressed through method 'jacksonJsonMapper' parameter 0: Error creating bean with name 'jsonMapperBuilder' defined in class path resource [org/springframework/boot/jackson/autoconfigure/JacksonAutoConfiguration.class]: Unsatisfied dependency expressed through method 'jsonMapperBuilder' parameter 0: Error creating bean with name 'standardJsonMapperBuilderCustomizer' defined in class path resource [org/springframework/boot/jackson/autoconfigure/JacksonAutoConfiguration$JacksonJsonMapperBuilderCustomizerConfiguration.class]: Unsatisfied dependency expressed through method 'standardJsonMapperBuilderCustomizer' parameter 0: Error creating bean with name 'spring.jackson-org.springframework.boot.jackson.autoconfigure.JacksonProperties': Could not bind properties to 'JacksonProperties' : prefix=spring.jackson, ignoreInvalidFields=false, ignoreUnknownFields=true
	at org.springframework.beans.factory.support.ConstructorResolver.createArgumentArray(ConstructorResolver.java:804)
	at org.springframework.beans.factory.support.ConstructorResolver.instantiateUsingFactoryMethod(ConstructorResolver.java:546)
	at org.springframework.beans.factory.support.AbstractAutowireCapableBeanFactory.instantiateUsingFactoryMethod(AbstractAutowireCapableBeanFactory.java:1362)
	at org.springframework.beans.factory.support.AbstractAutowireCapableBeanFactory.createBeanInstance(AbstractAutowireCapableBeanFactory.java:1194)
	at org.springframework.beans.factory.support.AbstractAutowireCapableBeanFactory.doCreateBean(AbstractAutowireCapableBeanFactory.java:565)
	at org.springframework.beans.factory.support.AbstractAutowireCapableBeanFactory.createBean(AbstractAutowireCapableBeanFactory.java:525)
	at org.springframework.beans.factory.support.AbstractBeanFactory.lambda$doGetBean$0(AbstractBeanFactory.java:333)
	at org.springframework.beans.factory.support.DefaultSingletonBeanRegistry.getSingleton(DefaultSingletonBeanRegistry.java:371)
	at org.springframework.beans.factory.support.AbstractBeanFactory.doGetBean(AbstractBeanFactory.java:331)
	at org.springframework.beans.factory.support.AbstractBeanFactory.getBean(AbstractBeanFactory.java:201)
	at org.springframework.beans.factory.config.DependencyDescriptor.resolveCandidate(DependencyDescriptor.java:229)
	at org.springframework.beans.factory.support.DefaultListableBeanFactory.addCandidateEntry(DefaultListableBeanFactory.java:2015)
	at org.springframework.beans.factory.support.DefaultListableBeanFactory.findAutowireCandidates(DefaultListableBeanFactory.java:1971)
	at org.springframework.beans.factory.support.DefaultListableBeanFactory.resolveMultipleBeans(DefaultListableBeanFactory.java:1792)
	at org.springframework.beans.factory.support.DefaultListableBeanFactory.doResolveDependency(DefaultListableBeanFactory.java:1711)
	at org.springframework.beans.factory.support.DefaultListableBeanFactory$DependencyObjectProvider.resolveStream(DefaultListableBeanFactory.java:2685)
	at org.springframework.beans.factory.support.DefaultListableBeanFactory$DependencyObjectProvider.orderedStream(DefaultListableBeanFactory.java:2679)
	at org.springframework.boot.webmvc.autoconfigure.WebMvcAutoConfiguration$WebMvcAutoConfigurationAdapter.configureMessageConverters(WebMvcAutoConfiguration.java:250)
	at org.springframework.web.servlet.config.annotation.WebMvcConfigurerComposite.configureMessageConverters(WebMvcConfigurerComposite.java:147)
	at org.springframework.web.servlet.config.annotation.DelegatingWebMvcConfiguration.configureMessageConverters(DelegatingWebMvcConfiguration.java:126)
	at org.springframework.web.servlet.config.annotation.WebMvcConfigurationSupport.createMessageConverters(WebMvcConfigurationSupport.java:873)
	at org.springframework.web.servlet.config.annotation.WebMvcConfigurationSupport.addDefaultHttpMessageConverters(WebMvcConfigurationSupport.java:920)
	at org.springframework.web.servlet.config.annotation.WebMvcConfigurationSupport.getMessageConverters(WebMvcConfigurationSupport.java:855)
	at org.springframework.web.servlet.config.annotation.WebMvcConfigurationSupport.getDefaultMediaTypes(WebMvcConfigurationSupport.java:411)
	at org.springframework.web.servlet.config.annotation.WebMvcConfigurationSupport.mvcContentNegotiationManager(WebMvcConfigurationSupport.java:402)
	at java.base/jdk.internal.reflect.DirectMethodHandleAccessor.invoke(DirectMethodHandleAccessor.java:104)
	at java.base/java.lang.reflect.Method.invoke(Method.java:565)
	at org.springframework.beans.factory.support.SimpleInstantiationStrategy.lambda$instantiate$0(SimpleInstantiationStrategy.java:155)
	... 160 common frames omitted
Caused by: org.springframework.beans.factory.UnsatisfiedDependencyException: Error creating bean with name 'jacksonJsonMapper' defined in class path resource [org/springframework/boot/jackson/autoconfigure/JacksonAutoConfiguration.class]: Unsatisfied dependency expressed through method 'jacksonJsonMapper' parameter 0: Error creating bean with name 'jsonMapperBuilder' defined in class path resource [org/springframework/boot/jackson/autoconfigure/JacksonAutoConfiguration.class]: Unsatisfied dependency expressed through method 'jsonMapperBuilder' parameter 0: Error creating bean with name 'standardJsonMapperBuilderCustomizer' defined in class path resource [org/springframework/boot/jackson/autoconfigure/JacksonAutoConfiguration$JacksonJsonMapperBuilderCustomizerConfiguration.class]: Unsatisfied dependency expressed through method 'standardJsonMapperBuilderCustomizer' parameter 0: Error creating bean with name 'spring.jackson-org.springframework.boot.jackson.autoconfigure.JacksonProperties': Could not bind properties to 'JacksonProperties' : prefix=spring.jackson, ignoreInvalidFields=false, ignoreUnknownFields=true
	at org.springframework.beans.factory.support.ConstructorResolver.createArgumentArray(ConstructorResolver.java:804)
	at org.springframework.beans.factory.support.ConstructorResolver.instantiateUsingFactoryMethod(ConstructorResolver.java:546)
	at org.springframework.beans.factory.support.AbstractAutowireCapableBeanFactory.instantiateUsingFactoryMethod(AbstractAutowireCapableBeanFactory.java:1362)
	at org.springframework.beans.factory.support.AbstractAutowireCapableBeanFactory.createBeanInstance(AbstractAutowireCapableBeanFactory.java:1194)
	at org.springframework.beans.factory.support.AbstractAutowireCapableBeanFactory.doCreateBean(AbstractAutowireCapableBeanFactory.java:565)
	at org.springframework.beans.factory.support.AbstractAutowireCapableBeanFactory.createBean(AbstractAutowireCapableBeanFactory.java:525)
	at org.springframework.beans.factory.support.AbstractBeanFactory.lambda$doGetBean$0(AbstractBeanFactory.java:333)
	at org.springframework.beans.factory.support.DefaultSingletonBeanRegistry.getSingleton(DefaultSingletonBeanRegistry.java:371)
	at org.springframework.beans.factory.support.AbstractBeanFactory.doGetBean(AbstractBeanFactory.java:331)
	at org.springframework.beans.factory.support.AbstractBeanFactory.getBean(AbstractBeanFactory.java:201)
	at org.springframework.beans.factory.config.DependencyDescriptor.resolveCandidate(DependencyDescriptor.java:229)
	at org.springframework.beans.factory.support.DefaultListableBeanFactory.doResolveDependency(DefaultListableBeanFactory.java:1762)
	at org.springframework.beans.factory.support.DefaultListableBeanFactory.resolveDependency(DefaultListableBeanFactory.java:1651)
	at org.springframework.beans.factory.support.ConstructorResolver.resolveAutowiredArgument(ConstructorResolver.java:912)
	at org.springframework.beans.factory.support.ConstructorResolver.createArgumentArray(ConstructorResolver.java:791)
	... 187 common frames omitted
Caused by: org.springframework.beans.factory.UnsatisfiedDependencyException: Error creating bean with name 'jsonMapperBuilder' defined in class path resource [org/springframework/boot/jackson/autoconfigure/JacksonAutoConfiguration.class]: Unsatisfied dependency expressed through method 'jsonMapperBuilder' parameter 0: Error creating bean with name 'standardJsonMapperBuilderCustomizer' defined in class path resource [org/springframework/boot/jackson/autoconfigure/JacksonAutoConfiguration$JacksonJsonMapperBuilderCustomizerConfiguration.class]: Unsatisfied dependency expressed through method 'standardJsonMapperBuilderCustomizer' parameter 0: Error creating bean with name 'spring.jackson-org.springframework.boot.jackson.autoconfigure.JacksonProperties': Could not bind properties to 'JacksonProperties' : prefix=spring.jackson, ignoreInvalidFields=false, ignoreUnknownFields=true
	at org.springframework.beans.factory.support.ConstructorResolver.createArgumentArray(ConstructorResolver.java:804)
	at org.springframework.beans.factory.support.ConstructorResolver.instantiateUsingFactoryMethod(ConstructorResolver.java:546)
	at org.springframework.beans.factory.support.AbstractAutowireCapableBeanFactory.instantiateUsingFactoryMethod(AbstractAutowireCapableBeanFactory.java:1362)
	at org.springframework.beans.factory.support.AbstractAutowireCapableBeanFactory.createBeanInstance(AbstractAutowireCapableBeanFactory.java:1194)
	at org.springframework.beans.factory.support.AbstractAutowireCapableBeanFactory.doCreateBean(AbstractAutowireCapableBeanFactory.java:565)
	at org.springframework.beans.factory.support.AbstractAutowireCapableBeanFactory.createBean(AbstractAutowireCapableBeanFactory.java:525)
	at org.springframework.beans.factory.support.AbstractBeanFactory.doGetBean(AbstractBeanFactory.java:351)
	at org.springframework.beans.factory.support.AbstractBeanFactory.getBean(AbstractBeanFactory.java:201)
	at org.springframework.beans.factory.config.DependencyDescriptor.resolveCandidate(DependencyDescriptor.java:229)
	at org.springframework.beans.factory.support.DefaultListableBeanFactory.doResolveDependency(DefaultListableBeanFactory.java:1762)
	at org.springframework.beans.factory.support.DefaultListableBeanFactory.resolveDependency(DefaultListableBeanFactory.java:1651)
	at org.springframework.beans.factory.support.ConstructorResolver.resolveAutowiredArgument(ConstructorResolver.java:912)
	at org.springframework.beans.factory.support.ConstructorResolver.createArgumentArray(ConstructorResolver.java:791)
	... 201 common frames omitted
Caused by: org.springframework.beans.factory.UnsatisfiedDependencyException: Error creating bean with name 'standardJsonMapperBuilderCustomizer' defined in class path resource [org/springframework/boot/jackson/autoconfigure/JacksonAutoConfiguration$JacksonJsonMapperBuilderCustomizerConfiguration.class]: Unsatisfied dependency expressed through method 'standardJsonMapperBuilderCustomizer' parameter 0: Error creating bean with name 'spring.jackson-org.springframework.boot.jackson.autoconfigure.JacksonProperties': Could not bind properties to 'JacksonProperties' : prefix=spring.jackson, ignoreInvalidFields=false, ignoreUnknownFields=true
	at org.springframework.beans.factory.support.ConstructorResolver.createArgumentArray(ConstructorResolver.java:804)
	at org.springframework.beans.factory.support.ConstructorResolver.instantiateUsingFactoryMethod(ConstructorResolver.java:546)
	at org.springframework.beans.factory.support.AbstractAutowireCapableBeanFactory.instantiateUsingFactoryMethod(AbstractAutowireCapableBeanFactory.java:1362)
	at org.springframework.beans.factory.support.AbstractAutowireCapableBeanFactory.createBeanInstance(AbstractAutowireCapableBeanFactory.java:1194)
	at org.springframework.beans.factory.support.AbstractAutowireCapableBeanFactory.doCreateBean(AbstractAutowireCapableBeanFactory.java:565)
	at org.springframework.beans.factory.support.AbstractAutowireCapableBeanFactory.createBean(AbstractAutowireCapableBeanFactory.java:525)
	at org.springframework.beans.factory.support.AbstractBeanFactory.lambda$doGetBean$0(AbstractBeanFactory.java:333)
	at org.springframework.beans.factory.support.DefaultSingletonBeanRegistry.getSingleton(DefaultSingletonBeanRegistry.java:371)
	at org.springframework.beans.factory.support.AbstractBeanFactory.doGetBean(AbstractBeanFactory.java:331)
	at org.springframework.beans.factory.support.AbstractBeanFactory.getBean(AbstractBeanFactory.java:201)
	at org.springframework.beans.factory.config.DependencyDescriptor.resolveCandidate(DependencyDescriptor.java:229)
	at org.springframework.beans.factory.support.DefaultListableBeanFactory.addCandidateEntry(DefaultListableBeanFactory.java:2008)
	at org.springframework.beans.factory.support.DefaultListableBeanFactory.findAutowireCandidates(DefaultListableBeanFactory.java:1971)
	at org.springframework.beans.factory.support.DefaultListableBeanFactory.resolveMultipleBeanCollection(DefaultListableBeanFactory.java:1863)
	at org.springframework.beans.factory.support.DefaultListableBeanFactory.resolveMultipleBeans(DefaultListableBeanFactory.java:1833)
	at org.springframework.beans.factory.support.DefaultListableBeanFactory.doResolveDependency(DefaultListableBeanFactory.java:1711)
	at org.springframework.beans.factory.support.DefaultListableBeanFactory.resolveDependency(DefaultListableBeanFactory.java:1651)
	at org.springframework.beans.factory.support.ConstructorResolver.resolveAutowiredArgument(ConstructorResolver.java:912)
	at org.springframework.beans.factory.support.ConstructorResolver.createArgumentArray(ConstructorResolver.java:791)
	... 213 common frames omitted
Caused by: org.springframework.boot.context.properties.ConfigurationPropertiesBindException: Error creating bean with name 'spring.jackson-org.springframework.boot.jackson.autoconfigure.JacksonProperties': Could not bind properties to 'JacksonProperties' : prefix=spring.jackson, ignoreInvalidFields=false, ignoreUnknownFields=true
	at org.springframework.boot.context.properties.ConfigurationPropertiesBindingPostProcessor.bind(ConfigurationPropertiesBindingPostProcessor.java:104)
	at org.springframework.boot.context.properties.ConfigurationPropertiesBindingPostProcessor.postProcessBeforeInitialization(ConfigurationPropertiesBindingPostProcessor.java:84)
	at org.springframework.beans.factory.support.AbstractAutowireCapableBeanFactory.applyBeanPostProcessorsBeforeInitialization(AbstractAutowireCapableBeanFactory.java:426)
	at org.springframework.beans.factory.support.AbstractAutowireCapableBeanFactory.initializeBean(AbstractAutowireCapableBeanFactory.java:1809)
	at org.springframework.beans.factory.support.AbstractAutowireCapableBeanFactory.doCreateBean(AbstractAutowireCapableBeanFactory.java:603)
	at org.springframework.beans.factory.support.AbstractAutowireCapableBeanFactory.createBean(AbstractAutowireCapableBeanFactory.java:525)
	at org.springframework.beans.factory.support.AbstractBeanFactory.lambda$doGetBean$0(AbstractBeanFactory.java:333)
	at org.springframework.beans.factory.support.DefaultSingletonBeanRegistry.getSingleton(DefaultSingletonBeanRegistry.java:371)
	at org.springframework.beans.factory.support.AbstractBeanFactory.doGetBean(AbstractBeanFactory.java:331)
	at org.springframework.beans.factory.support.AbstractBeanFactory.getBean(AbstractBeanFactory.java:201)
	at org.springframework.beans.factory.config.DependencyDescriptor.resolveCandidate(DependencyDescriptor.java:229)
	at org.springframework.beans.factory.support.DefaultListableBeanFactory.doResolveDependency(DefaultListableBeanFactory.java:1762)
	at org.springframework.beans.factory.support.DefaultListableBeanFactory.resolveDependency(DefaultListableBeanFactory.java:1651)
	at org.springframework.beans.factory.support.ConstructorResolver.resolveAutowiredArgument(ConstructorResolver.java:912)
	at org.springframework.beans.factory.support.ConstructorResolver.createArgumentArray(ConstructorResolver.java:791)
	... 231 common frames omitted
Caused by: org.springframework.boot.context.properties.bind.BindException: Failed to bind properties under 'spring.jackson.serialization' to java.util.Map<tools.jackson.databind.SerializationFeature, java.lang.Boolean>
	at org.springframework.boot.context.properties.bind.Binder.handleBindError(Binder.java:418)
	at org.springframework.boot.context.properties.bind.Binder.bind(Binder.java:377)
	at org.springframework.boot.context.properties.bind.Binder.lambda$bindDataObject$0(Binder.java:505)
	at org.springframework.boot.context.properties.bind.JavaBeanBinder.bind(JavaBeanBinder.java:127)
	at org.springframework.boot.context.properties.bind.JavaBeanBinder.bind(JavaBeanBinder.java:115)
	at org.springframework.boot.context.properties.bind.JavaBeanBinder.bind(JavaBeanBinder.java:71)
	at org.springframework.boot.context.properties.bind.Binder.lambda$bindDataObject$2(Binder.java:508)
	at org.springframework.boot.context.properties.bind.Binder.fromDataObjectBinders(Binder.java:517)
	at org.springframework.boot.context.properties.bind.Binder.lambda$bindDataObject$1(Binder.java:507)
	at org.springframework.boot.context.properties.bind.Binder$Context.withIncreasedDepth(Binder.java:632)
	at org.springframework.boot.context.properties.bind.Binder$Context.withDataObject(Binder.java:618)
	at org.springframework.boot.context.properties.bind.Binder.bindDataObject(Binder.java:509)
	at org.springframework.boot.context.properties.bind.Binder.bindObject(Binder.java:445)
	at org.springframework.boot.context.properties.bind.Binder.bind(Binder.java:373)
	at org.springframework.boot.context.properties.bind.Binder.bind(Binder.java:360)
	at org.springframework.boot.context.properties.bind.Binder.bind(Binder.java:287)
	at org.springframework.boot.context.properties.bind.Binder.bind(Binder.java:274)
	at org.springframework.boot.context.properties.ConfigurationPropertiesBinder.bind(ConfigurationPropertiesBinder.java:96)
	at org.springframework.boot.context.properties.ConfigurationPropertiesBindingPostProcessor.bind(ConfigurationPropertiesBindingPostProcessor.java:101)
	... 245 common frames omitted
Caused by: org.springframework.core.convert.ConversionFailedException: Failed to convert from type [java.lang.String] to type [tools.jackson.databind.SerializationFeature] for value [write-dates-as-timestamps]
	at org.springframework.core.convert.support.ConversionUtils.invokeConverter(ConversionUtils.java:47)
	at org.springframework.core.convert.support.GenericConversionService.convert(GenericConversionService.java:181)
	at org.springframework.boot.context.properties.bind.BindConverter.convert(BindConverter.java:113)
	at org.springframework.boot.context.properties.bind.BindConverter.convert(BindConverter.java:104)
	at org.springframework.boot.context.properties.bind.MapBinder$EntryBinder.bindEntries(MapBinder.java:184)
	at org.springframework.boot.context.properties.bind.MapBinder.bindAggregate(MapBinder.java:76)
	at org.springframework.boot.context.properties.bind.AggregateBinder.bind(AggregateBinder.java:59)
	at org.springframework.boot.context.properties.bind.Binder.lambda$bindAggregate$2(Binder.java:469)
	at org.springframework.boot.context.properties.bind.Binder$Context.withIncreasedDepth(Binder.java:632)
	at org.springframework.boot.context.properties.bind.Binder.bindAggregate(Binder.java:470)
	at org.springframework.boot.context.properties.bind.Binder.bindObject(Binder.java:430)
	at org.springframework.boot.context.properties.bind.Binder.bind(Binder.java:373)
	... 262 common frames omitted
Caused by: java.lang.IllegalArgumentException: No enum constant tools.jackson.databind.SerializationFeature.write-dates-as-timestamps
	at org.springframework.boot.convert.LenientObjectToEnumConverterFactory$LenientToEnumConverter.findEnum(LenientObjectToEnumConverterFactory.java:95)
	at org.springframework.boot.convert.LenientObjectToEnumConverterFactory$LenientToEnumConverter.convert(LenientObjectToEnumConverterFactory.java:82)
	at org.springframework.boot.convert.LenientObjectToEnumConverterFactory$LenientToEnumConverter.convert(LenientObjectToEnumConverterFactory.java:63)
	at org.springframework.core.convert.support.GenericConversionService$ConverterFactoryAdapter.convert(GenericConversionService.java:407)
	at org.springframework.core.convert.support.ConversionUtils.invokeConverter(ConversionUtils.java:41)
	... 273 common frames omitted
2026-05-16 12:28:32 [Test worker] WARN  o.s.b.t.j.DuplicateJsonObjectContextCustomizerFactory$DuplicateJsonObjectContextCustomizer - 

Found multiple occurrences of org.json.JSONObject on the class path:

	jar:file:/C:/Users/Manjunath/.gradle/caches/modules-2/files-2.1/org.json/json/20180130/26ba2ec0e791a32ea5dfbedfcebf36447ee5b12c/json-20180130.jar!/org/json/JSONObject.class
	jar:file:/C:/Users/Manjunath/.gradle/caches/modules-2/files-2.1/com.vaadin.external.google/android-json/0.0.20131108.vaadin1/fa26d351fe62a6a17f5cda1287c1c6110dec413f/android-json-0.0.20131108.vaadin1.jar!/org/json/JSONObject.class

You may wish to exclude one of them to ensure predictable runtime behavior

2026-05-16 12:28:32 [Test worker] INFO  c.p.d.DrockleyApplicationTests - Starting DrockleyApplicationTests using Java 25.0.2 with PID 20464 (started by Manjunath in C:\Users\Manjunath\OneDrive\Desktop\drockley)
2026-05-16 12:28:32 [Test worker] DEBUG c.p.d.DrockleyApplicationTests - Running with Spring Boot v4.0.6, Spring v7.0.7
2026-05-16 12:28:32 [Test worker] INFO  c.p.d.DrockleyApplicationTests - No active profile set, falling back to 1 default profile: "default"
2026-05-16 12:28:32 [Test worker] DEBUG o.s.w.c.s.GenericWebApplicationContext - Refreshing org.springframework.web.context.support.GenericWebApplicationContext@70e94ecb
2026-05-16 12:28:38 [Test worker] INFO  o.s.d.r.c.RepositoryConfigurationDelegate - Bootstrapping Spring Data JPA repositories in DEFAULT mode.
2026-05-16 12:28:38 [Test worker] INFO  o.s.d.r.c.RepositoryConfigurationDelegate - Finished Spring Data repository scanning in 433 ms. Found 8 JPA repository interfaces.
2026-05-16 12:28:41 [Test worker] INFO  org.hibernate.orm.jpa - HHH008540: Processing PersistenceUnitInfo [name: default]
2026-05-16 12:28:42 [Test worker] INFO  org.hibernate.orm.core - HHH000001: Hibernate ORM core version 7.2.12.Final
2026-05-16 12:28:44 [Test worker] INFO  o.s.o.j.p.SpringPersistenceUnitInfo - No LoadTimeWeaver setup: ignoring JPA class transformer
2026-05-16 12:28:44 [Test worker] INFO  com.zaxxer.hikari.HikariDataSource - HikariPool-1 - Starting...
2026-05-16 12:28:45 [Test worker] INFO  com.zaxxer.hikari.pool.HikariPool - HikariPool-1 - Added connection conn0: url=jdbc:h2:mem:drockley_test user=SA
2026-05-16 12:28:45 [Test worker] INFO  com.zaxxer.hikari.HikariDataSource - HikariPool-1 - Start completed.
2026-05-16 12:28:45 [Test worker] WARN  org.hibernate.orm.core - HHH000511: The 2.4.240 version for [org.hibernate.dialect.PostgreSQLDialect] is no longer supported, hence certain features may not work properly.The minimum supported version is 13.0.0. Check the community dialects project for available legacy versions.
2026-05-16 12:28:45 [Test worker] WARN  org.hibernate.orm.deprecation - HHH90000025: PostgreSQLDialect does not need to be specified explicitly using 'hibernate.dialect' (remove the property setting and it will be selected by default)
2026-05-16 12:28:45 [Test worker] INFO  o.hibernate.orm.connections.pooling - HHH10001005: Database info:
	Database JDBC URL [jdbc:h2:mem:drockley_test]
	Database driver: H2 JDBC Driver
	Database dialect: PostgreSQLDialect
	Database version: 2.4.240
	Default catalog/schema: DROCKLEY_TEST/PUBLIC
	Autocommit mode: undefined/unknown
	Isolation level: READ_COMMITTED [default READ_COMMITTED]
	JDBC fetch size: 100
	Pool: DataSourceConnectionProvider
	Minimum pool size: undefined/unknown
	Maximum pool size: undefined/unknown
2026-05-16 12:28:49 [Test worker] INFO  org.hibernate.orm.core - HHH000489: No JTA platform available (set 'hibernate.transaction.jta.platform' to enable JTA platform integration)
2026-05-16 12:28:49 [Test worker] INFO  org.hibernate.orm.jdbc.batch - HHH100501: Automatic JDBC statement batching enabled (maximum batch size 20)
2026-05-16 12:28:50 [Test worker] DEBUG org.hibernate.SQL - 
    set client_min_messages = WARNING
2026-05-16 12:28:50 [Test worker] DEBUG org.hibernate.SQL - 
    alter table if exists availability_slots 
       drop constraint if exists FKn2vpqvod7y41or1ixoyog2nk2
2026-05-16 12:28:50 [Test worker] DEBUG org.hibernate.SQL - 
    alter table if exists bookings 
       drop constraint if exists FKjwwpjbjcfyovdvkw8mv7n6tre
2026-05-16 12:28:50 [Test worker] DEBUG org.hibernate.SQL - 
    alter table if exists bookings 
       drop constraint if exists FKescitlbli6inbb45u6c0ytb4t
2026-05-16 12:28:50 [Test worker] DEBUG org.hibernate.SQL - 
    alter table if exists bookings 
       drop constraint if exists FKeyog2oic85xg7hsu2je2lx3s6
2026-05-16 12:28:50 [Test worker] DEBUG org.hibernate.SQL - 
    alter table if exists expert_expertise 
       drop constraint if exists FKrh70nqipdmx0hcpx12w5u5fqt
2026-05-16 12:28:50 [Test worker] DEBUG org.hibernate.SQL - 
    alter table if exists expert_expertise 
       drop constraint if exists FK9fnutiag6ajxgq86yfttxxle6
2026-05-16 12:28:50 [Test worker] DEBUG org.hibernate.SQL - 
    alter table if exists expert_profiles 
       drop constraint if exists FKkks225ifqx1dyudon32afq4h7
2026-05-16 12:28:50 [Test worker] DEBUG org.hibernate.SQL - 
    alter table if exists payments 
       drop constraint if exists FKc52o2b1jkxttngufqp3t7jr3h
2026-05-16 12:28:50 [Test worker] DEBUG org.hibernate.SQL - 
    alter table if exists reviews 
       drop constraint if exists FK28an517hrxtt2bsg93uefugrm
2026-05-16 12:28:50 [Test worker] DEBUG org.hibernate.SQL - 
    alter table if exists reviews 
       drop constraint if exists FKnd3ibfyntxumbd6wkmuufeogf
2026-05-16 12:28:50 [Test worker] DEBUG org.hibernate.SQL - 
    alter table if exists reviews 
       drop constraint if exists FKd1isgfajhtdl8mgg29up6mofi
2026-05-16 12:28:50 [Test worker] DEBUG org.hibernate.SQL - 
    alter table if exists sessions 
       drop constraint if exists FK9sv19evftr9scoo1vdo2xu6vn
2026-05-16 12:28:50 [Test worker] DEBUG org.hibernate.SQL - 
    drop table if exists availability_slots cascade
2026-05-16 12:28:50 [Test worker] DEBUG org.hibernate.SQL - 
    drop table if exists bookings cascade
2026-05-16 12:28:50 [Test worker] DEBUG org.hibernate.SQL - 
    drop table if exists expert_expertise cascade
2026-05-16 12:28:50 [Test worker] DEBUG org.hibernate.SQL - 
    drop table if exists expert_profiles cascade
2026-05-16 12:28:50 [Test worker] DEBUG org.hibernate.SQL - 
    drop table if exists expertises cascade
2026-05-16 12:28:50 [Test worker] DEBUG org.hibernate.SQL - 
    drop table if exists payments cascade
2026-05-16 12:28:50 [Test worker] DEBUG org.hibernate.SQL - 
    drop table if exists reviews cascade
2026-05-16 12:28:50 [Test worker] DEBUG org.hibernate.SQL - 
    drop table if exists sessions cascade
2026-05-16 12:28:50 [Test worker] DEBUG org.hibernate.SQL - 
    drop table if exists users cascade
2026-05-16 12:28:50 [Test worker] DEBUG org.hibernate.SQL - 
    create table availability_slots (
        booked boolean not null,
        created_at timestamp(6),
        end_time timestamp(6) not null,
        start_time timestamp(6) not null,
        expert_profile_id uuid not null,
        id uuid not null,
        timezone varchar(50),
        primary key (id)
    )
2026-05-16 12:28:50 [Test worker] DEBUG org.hibernate.SQL - 
    create table bookings (
        amount numeric(10,2) not null,
        booking_time timestamp(6),
        created_at timestamp(6),
        availability_slot_id uuid not null unique,
        expert_profile_id uuid not null,
        id uuid not null,
        user_id uuid not null,
        booking_status varchar(255) not null check ((booking_status in ('PENDING','CONFIRMED','CANCELLED','COMPLETED','FAILED'))),
        payment_status varchar(255) not null check ((payment_status in ('INITIATED','SUCCESS','FAILED','REFUNDED'))),
        primary key (id)
    )
2026-05-16 12:28:50 [Test worker] DEBUG org.hibernate.SQL - 
    create table expert_expertise (
        expert_id uuid not null,
        expertise_id uuid not null,
        primary key (expert_id, expertise_id)
    )
2026-05-16 12:28:50 [Test worker] DEBUG org.hibernate.SQL - 
    create table expert_profiles (
        avg_rating float(53) not null,
        experience_years integer not null check ((experience_years>=0)),
        hourly_rate numeric(10,2) not null,
        total_sessions integer not null,
        created_at timestamp(6),
        updated_at timestamp(6),
        id uuid not null,
        user_id uuid not null unique,
        bio TEXT not null,
        headline varchar(255) not null,
        linkedin_url varchar(255),
        verification_status varchar(255) not null check ((verification_status in ('PENDING','VERIFIED','REJECTED'))),
        primary key (id)
    )
2026-05-16 12:28:50 [Test worker] DEBUG org.hibernate.SQL - 
    create table expertises (
        id uuid not null,
        category varchar(100) not null,
        name varchar(100) not null,
        primary key (id),
        unique (name, category)
    )
2026-05-16 12:28:50 [Test worker] DEBUG org.hibernate.SQL - 
    create table payments (
        amount numeric(10,2) not null,
        currency varchar(3),
        created_at timestamp(6),
        paid_at timestamp(6),
        booking_id uuid not null unique,
        id uuid not null,
        payment_gateway varchar(50),
        transaction_id varchar(100),
        payment_status varchar(255) not null check ((payment_status in ('INITIATED','SUCCESS','FAILED','REFUNDED'))),
        primary key (id)
    )
2026-05-16 12:28:50 [Test worker] DEBUG org.hibernate.SQL - 
    create table reviews (
        rating integer not null check ((rating<=5) and (rating>=1)),
        created_at timestamp(6),
        booking_id uuid not null unique,
        expert_profile_id uuid not null,
        id uuid not null,
        reviewer_id uuid not null,
        comment TEXT,
        primary key (id)
    )
2026-05-16 12:28:50 [Test worker] DEBUG org.hibernate.SQL - 
    create table sessions (
        end_time timestamp(6),
        start_time timestamp(6),
        booking_id uuid not null unique,
        id uuid not null,
        meeting_link varchar(500),
        recording_url varchar(500),
        session_status varchar(255) not null check ((session_status in ('SCHEDULED','ONGOING','COMPLETED','CANCELLED'))),
        primary key (id)
    )
2026-05-16 12:28:50 [Test worker] DEBUG org.hibernate.SQL - 
    create table users (
        email_verified boolean not null,
        created_at timestamp(6),
        last_login_at timestamp(6),
        updated_at timestamp(6),
        id uuid not null,
        phone_number varchar(20) not null,
        first_name varchar(100) not null,
        last_name varchar(100),
        email varchar(255) not null unique,
        password varchar(255) not null,
        profile_picture_url varchar(255),
        role varchar(255) not null check ((role in ('ROLE_USER','ROLE_EXPERT','ROLE_ADMIN'))),
        status varchar(255) not null check ((status in ('ACTIVE','INACTIVE','BLOCKED','DELETED'))),
        primary key (id)
    )
2026-05-16 12:28:50 [Test worker] DEBUG org.hibernate.SQL - 
    create index idx_slot_expert 
       on availability_slots (expert_profile_id)
2026-05-16 12:28:50 [Test worker] DEBUG org.hibernate.SQL - 
    create index idx_slot_start_time 
       on availability_slots (start_time)
2026-05-16 12:28:50 [Test worker] DEBUG org.hibernate.SQL - 
    create index idx_slot_booked 
       on availability_slots (booked)
2026-05-16 12:28:50 [Test worker] DEBUG org.hibernate.SQL - 
    create index idx_booking_user 
       on bookings (user_id)
2026-05-16 12:28:50 [Test worker] DEBUG org.hibernate.SQL - 
    create index idx_booking_expert 
       on bookings (expert_profile_id)
2026-05-16 12:28:50 [Test worker] DEBUG org.hibernate.SQL - 
    create index idx_booking_status 
       on bookings (booking_status)
2026-05-16 12:28:50 [Test worker] DEBUG org.hibernate.SQL - 
    create index idx_expert_user 
       on expert_profiles (user_id)
2026-05-16 12:28:50 [Test worker] DEBUG org.hibernate.SQL - 
    create index idx_expert_verification 
       on expert_profiles (verification_status)
2026-05-16 12:28:50 [Test worker] DEBUG org.hibernate.SQL - 
    create index idx_expert_rating 
       on expert_profiles (avg_rating)
2026-05-16 12:28:50 [Test worker] DEBUG org.hibernate.SQL - 
    create index idx_expertise_category 
       on expertises (category)
2026-05-16 12:28:50 [Test worker] DEBUG org.hibernate.SQL - 
    create index idx_payment_booking 
       on payments (booking_id)
2026-05-16 12:28:50 [Test worker] DEBUG org.hibernate.SQL - 
    create index idx_payment_status 
       on payments (payment_status)
2026-05-16 12:28:50 [Test worker] DEBUG org.hibernate.SQL - 
    create index idx_review_booking 
       on reviews (booking_id)
2026-05-16 12:28:50 [Test worker] DEBUG org.hibernate.SQL - 
    create index idx_review_expert 
       on reviews (expert_profile_id)
2026-05-16 12:28:50 [Test worker] DEBUG org.hibernate.SQL - 
    create index idx_review_reviewer 
       on reviews (reviewer_id)
2026-05-16 12:28:50 [Test worker] DEBUG org.hibernate.SQL - 
    create index idx_session_booking 
       on sessions (booking_id)
2026-05-16 12:28:50 [Test worker] DEBUG org.hibernate.SQL - 
    create index idx_session_status 
       on sessions (session_status)
2026-05-16 12:28:50 [Test worker] DEBUG org.hibernate.SQL - 
    create index idx_user_email 
       on users (email)
2026-05-16 12:28:50 [Test worker] DEBUG org.hibernate.SQL - 
    create index idx_user_status 
       on users (status)
2026-05-16 12:28:50 [Test worker] DEBUG org.hibernate.SQL - 
    alter table if exists availability_slots 
       add constraint FKn2vpqvod7y41or1ixoyog2nk2 
       foreign key (expert_profile_id) 
       references expert_profiles
2026-05-16 12:28:50 [Test worker] DEBUG org.hibernate.SQL - 
    alter table if exists bookings 
       add constraint FKjwwpjbjcfyovdvkw8mv7n6tre 
       foreign key (availability_slot_id) 
       references availability_slots
2026-05-16 12:28:50 [Test worker] DEBUG org.hibernate.SQL - 
    alter table if exists bookings 
       add constraint FKescitlbli6inbb45u6c0ytb4t 
       foreign key (expert_profile_id) 
       references expert_profiles
2026-05-16 12:28:50 [Test worker] DEBUG org.hibernate.SQL - 
    alter table if exists bookings 
       add constraint FKeyog2oic85xg7hsu2je2lx3s6 
       foreign key (user_id) 
       references users
2026-05-16 12:28:50 [Test worker] DEBUG org.hibernate.SQL - 
    alter table if exists expert_expertise 
       add constraint FKrh70nqipdmx0hcpx12w5u5fqt 
       foreign key (expertise_id) 
       references expertises
2026-05-16 12:28:50 [Test worker] DEBUG org.hibernate.SQL - 
    alter table if exists expert_expertise 
       add constraint FK9fnutiag6ajxgq86yfttxxle6 
       foreign key (expert_id) 
       references expert_profiles
2026-05-16 12:28:50 [Test worker] DEBUG org.hibernate.SQL - 
    alter table if exists expert_profiles 
       add constraint FKkks225ifqx1dyudon32afq4h7 
       foreign key (user_id) 
       references users
2026-05-16 12:28:50 [Test worker] DEBUG org.hibernate.SQL - 
    alter table if exists payments 
       add constraint FKc52o2b1jkxttngufqp3t7jr3h 
       foreign key (booking_id) 
       references bookings
2026-05-16 12:28:50 [Test worker] DEBUG org.hibernate.SQL - 
    alter table if exists reviews 
       add constraint FK28an517hrxtt2bsg93uefugrm 
       foreign key (booking_id) 
       references bookings
2026-05-16 12:28:50 [Test worker] DEBUG org.hibernate.SQL - 
    alter table if exists reviews 
       add constraint FKnd3ibfyntxumbd6wkmuufeogf 
       foreign key (expert_profile_id) 
       references expert_profiles
2026-05-16 12:28:50 [Test worker] DEBUG org.hibernate.SQL - 
    alter table if exists reviews 
       add constraint FKd1isgfajhtdl8mgg29up6mofi 
       foreign key (reviewer_id) 
       references users
2026-05-16 12:28:50 [Test worker] DEBUG org.hibernate.SQL - 
    alter table if exists sessions 
       add constraint FK9sv19evftr9scoo1vdo2xu6vn 
       foreign key (booking_id) 
       references bookings
2026-05-16 12:28:50 [Test worker] INFO  o.s.o.j.LocalContainerEntityManagerFactoryBean - Initialized JPA EntityManagerFactory for persistence unit 'default'
2026-05-16 12:28:50 [Test worker] INFO  o.s.d.j.r.q.QueryEnhancerFactories - Hibernate is in classpath; If applicable, HQL parser will be used.
2026-05-16 12:28:52 [Test worker] INFO  o.s.s.c.a.a.c.InitializeUserDetailsBeanManagerConfigurer$InitializeUserDetailsManagerConfigurer - Global AuthenticationManager configured with UserDetailsService bean with name customUserDetailsService
2026-05-16 12:28:58 [Test worker] WARN  o.s.b.j.a.JpaBaseConfiguration$JpaWebConfiguration - spring.jpa.open-in-view is enabled by default. Therefore, database queries may be performed during view rendering. Explicitly configure spring.jpa.open-in-view to disable this warning
2026-05-16 12:28:58 [Test worker] WARN  o.s.w.c.s.GenericWebApplicationContext - Exception encountered during context initialization - cancelling refresh attempt: org.springframework.beans.factory.UnsatisfiedDependencyException: Error creating bean with name 'securityFilterChain' defined in class path resource [com/platform/drockley/config/SecurityConfig.class]: Unsatisfied dependency expressed through method 'securityFilterChain' parameter 0: Error creating bean with name 'org.springframework.security.config.annotation.web.configuration.HttpSecurityConfiguration': Unsatisfied dependency expressed through method 'setContentNegotiationStrategy' parameter 0: Error creating bean with name 'mvcContentNegotiationManager' defined in class path resource [org/springframework/boot/webmvc/autoconfigure/WebMvcAutoConfiguration$EnableWebMvcConfiguration.class]: Failed to instantiate [org.springframework.web.accept.ContentNegotiationManager]: Factory method 'mvcContentNegotiationManager' threw exception with message: Error creating bean with name 'jacksonJsonHttpMessageConvertersCustomizer' defined in class path resource [org/springframework/boot/http/converter/autoconfigure/JacksonHttpMessageConvertersConfiguration$JacksonJsonHttpMessageConverterConfiguration.class]: Unsatisfied dependency expressed through method 'jacksonJsonHttpMessageConvertersCustomizer' parameter 0: Error creating bean with name 'jacksonJsonMapper' defined in class path resource [org/springframework/boot/jackson/autoconfigure/JacksonAutoConfiguration.class]: Unsatisfied dependency expressed through method 'jacksonJsonMapper' parameter 0: Error creating bean with name 'jsonMapperBuilder' defined in class path resource [org/springframework/boot/jackson/autoconfigure/JacksonAutoConfiguration.class]: Unsatisfied dependency expressed through method 'jsonMapperBuilder' parameter 0: Error creating bean with name 'standardJsonMapperBuilderCustomizer' defined in class path resource [org/springframework/boot/jackson/autoconfigure/JacksonAutoConfiguration$JacksonJsonMapperBuilderCustomizerConfiguration.class]: Unsatisfied dependency expressed through method 'standardJsonMapperBuilderCustomizer' parameter 0: Error creating bean with name 'spring.jackson-org.springframework.boot.jackson.autoconfigure.JacksonProperties': Could not bind properties to 'JacksonProperties' : prefix=spring.jackson, ignoreInvalidFields=false, ignoreUnknownFields=true
2026-05-16 12:28:58 [Test worker] INFO  o.s.o.j.LocalContainerEntityManagerFactoryBean - Closing JPA EntityManagerFactory for persistence unit 'default'
2026-05-16 12:28:58 [Test worker] DEBUG org.hibernate.SQL - 
    set client_min_messages = WARNING
2026-05-16 12:28:58 [Test worker] DEBUG org.hibernate.SQL - 
    alter table if exists availability_slots 
       drop constraint if exists FKn2vpqvod7y41or1ixoyog2nk2
2026-05-16 12:28:58 [Test worker] DEBUG org.hibernate.SQL - 
    alter table if exists bookings 
       drop constraint if exists FKjwwpjbjcfyovdvkw8mv7n6tre
2026-05-16 12:28:58 [Test worker] DEBUG org.hibernate.SQL - 
    alter table if exists bookings 
       drop constraint if exists FKescitlbli6inbb45u6c0ytb4t
2026-05-16 12:28:58 [Test worker] DEBUG org.hibernate.SQL - 
    alter table if exists bookings 
       drop constraint if exists FKeyog2oic85xg7hsu2je2lx3s6
2026-05-16 12:28:58 [Test worker] DEBUG org.hibernate.SQL - 
    alter table if exists expert_expertise 
       drop constraint if exists FKrh70nqipdmx0hcpx12w5u5fqt
2026-05-16 12:28:58 [Test worker] DEBUG org.hibernate.SQL - 
    alter table if exists expert_expertise 
       drop constraint if exists FK9fnutiag6ajxgq86yfttxxle6
2026-05-16 12:28:58 [Test worker] DEBUG org.hibernate.SQL - 
    alter table if exists expert_profiles 
       drop constraint if exists FKkks225ifqx1dyudon32afq4h7
2026-05-16 12:28:58 [Test worker] DEBUG org.hibernate.SQL - 
    alter table if exists payments 
       drop constraint if exists FKc52o2b1jkxttngufqp3t7jr3h
2026-05-16 12:28:58 [Test worker] DEBUG org.hibernate.SQL - 
    alter table if exists reviews 
       drop constraint if exists FK28an517hrxtt2bsg93uefugrm
2026-05-16 12:28:58 [Test worker] DEBUG org.hibernate.SQL - 
    alter table if exists reviews 
       drop constraint if exists FKnd3ibfyntxumbd6wkmuufeogf
2026-05-16 12:28:58 [Test worker] DEBUG org.hibernate.SQL - 
    alter table if exists reviews 
       drop constraint if exists FKd1isgfajhtdl8mgg29up6mofi
2026-05-16 12:28:58 [Test worker] DEBUG org.hibernate.SQL - 
    alter table if exists sessions 
       drop constraint if exists FK9sv19evftr9scoo1vdo2xu6vn
2026-05-16 12:28:58 [Test worker] DEBUG org.hibernate.SQL - 
    drop table if exists availability_slots cascade
2026-05-16 12:28:58 [Test worker] DEBUG org.hibernate.SQL - 
    drop table if exists bookings cascade
2026-05-16 12:28:58 [Test worker] DEBUG org.hibernate.SQL - 
    drop table if exists expert_expertise cascade
2026-05-16 12:28:58 [Test worker] DEBUG org.hibernate.SQL - 
    drop table if exists expert_profiles cascade
2026-05-16 12:28:58 [Test worker] DEBUG org.hibernate.SQL - 
    drop table if exists expertises cascade
2026-05-16 12:28:58 [Test worker] DEBUG org.hibernate.SQL - 
    drop table if exists payments cascade
2026-05-16 12:28:58 [Test worker] DEBUG org.hibernate.SQL - 
    drop table if exists reviews cascade
2026-05-16 12:28:58 [Test worker] DEBUG org.hibernate.SQL - 
    drop table if exists sessions cascade
2026-05-16 12:28:58 [Test worker] DEBUG org.hibernate.SQL - 
    drop table if exists users cascade
2026-05-16 12:28:58 [Test worker] INFO  com.zaxxer.hikari.HikariDataSource - HikariPool-1 - Shutdown initiated...
2026-05-16 12:28:58 [Test worker] INFO  com.zaxxer.hikari.HikariDataSource - HikariPool-1 - Shutdown completed.
2026-05-16 12:28:58 [Test worker] INFO  o.s.b.a.l.ConditionEvaluationReportLogger - 

Error starting ApplicationContext. To display the condition evaluation report re-run your application with 'debug' enabled.
2026-05-16 12:28:58 [Test worker] ERROR o.s.b.d.LoggingFailureAnalysisReporter - 

***************************
APPLICATION FAILED TO START
***************************

Description:

Failed to bind properties under 'spring.jackson.serialization' to java.util.Map<tools.jackson.databind.SerializationFeature, java.lang.Boolean>:

    Reason: failed to convert java.lang.String to tools.jackson.databind.SerializationFeature (caused by java.lang.IllegalArgumentException: No enum constant tools.jackson.databind.SerializationFeature.WRITE_DATES_AS_TIMESTAMPS)

Action:

Update your application's configuration. The following values are valid:

    APPLY_JSON_INCLUDE_FOR_CONTAINERS
    CLOSE_CLOSEABLE
    EAGER_SERIALIZER_FETCH
    FAIL_ON_EMPTY_BEANS
    FAIL_ON_ORDER_MAP_BY_INCOMPARABLE_KEY
    FAIL_ON_SELF_REFERENCES
    FAIL_ON_UNWRAPPED_TYPE_IDENTIFIERS
    FLUSH_AFTER_WRITE_VALUE
    INDENT_OUTPUT
    ORDER_MAP_ENTRIES_BY_KEYS
    USE_EQUALITY_FOR_OBJECT_ID
    WRAP_EXCEPTIONS
    WRAP_ROOT_VALUE
    WRITE_CHAR_ARRAYS_AS_JSON_ARRAYS
    WRITE_EMPTY_JSON_ARRAYS
    WRITE_SELF_REFERENCES_AS_NULL
    WRITE_SINGLE_ELEM_ARRAYS_UNWRAPPED

2026-05-16 12:28:58 [Test worker] WARN  o.s.test.context.TestContextManager - Caught exception while allowing TestExecutionListener [org.springframework.test.context.web.ServletTestExecutionListener] to prepare test instance [com.platform.drockley.DrockleyApplicationTests@4c837be3]
java.lang.IllegalStateException: Failed to load ApplicationContext for [WebMergedContextConfiguration@254b8be3 testClass = com.platform.drockley.DrockleyApplicationTests, locations = [], classes = [com.platform.drockley.DrockleyApplication], contextInitializerClasses = [], activeProfiles = [], propertySourceDescriptors = [], propertySourceProperties = ["spring.datasource.url=jdbc:h2:mem:drockley_test;MODE=PostgreSQL;DB_CLOSE_DELAY=-1;DB_CLOSE_ON_EXIT=FALSE", "spring.datasource.driver-class-name=org.h2.Driver", "spring.datasource.username=sa", "spring.datasource.password=", "spring.jpa.hibernate.ddl-auto=create-drop", "spring.jpa.database-platform=org.hibernate.dialect.H2Dialect", "spring.flyway.enabled=false", "org.springframework.boot.test.context.SpringBootTestContextBootstrapper=true"], contextCustomizers = [org.springframework.boot.test.autoconfigure.OnFailureConditionReportContextCustomizerFactory$OnFailureConditionReportContextCustomizer@718607eb, org.springframework.boot.test.context.PropertyMappingContextCustomizer@0, org.springframework.boot.test.context.filter.ExcludeFilterContextCustomizer@91c4a3f, org.springframework.boot.test.json.DuplicateJsonObjectContextCustomizerFactory$DuplicateJsonObjectContextCustomizer@6bfdb014, org.springframework.boot.web.server.context.SpringBootTestRandomPortContextCustomizer@4aa3d36, org.springframework.test.context.support.DynamicPropertiesContextCustomizer@0, org.springframework.boot.test.context.SpringBootTestAnnotation@74c53a1f], resourceBasePath = "src/main/webapp", contextLoader = org.springframework.boot.test.context.SpringBootContextLoader, parent = null]
	at org.springframework.test.context.cache.DefaultCacheAwareContextLoaderDelegate.lambda$loadContext$0(DefaultCacheAwareContextLoaderDelegate.java:195)
	at org.springframework.test.context.cache.DefaultContextCache.put(DefaultContextCache.java:214)
	at org.springframework.test.context.cache.DefaultCacheAwareContextLoaderDelegate.loadContext(DefaultCacheAwareContextLoaderDelegate.java:160)
	at org.springframework.test.context.support.DefaultTestContext.getApplicationContext(DefaultTestContext.java:128)
	at org.springframework.test.context.web.ServletTestExecutionListener.setUpRequestContextIfNecessary(ServletTestExecutionListener.java:200)
	at org.springframework.test.context.web.ServletTestExecutionListener.prepareTestInstance(ServletTestExecutionListener.java:139)
	at org.springframework.test.context.TestContextManager.prepareTestInstance(TestContextManager.java:260)
	at org.springframework.test.context.junit.jupiter.SpringExtension.postProcessTestInstance(SpringExtension.java:242)
	at org.junit.jupiter.engine.descriptor.ClassBasedTestDescriptor.lambda$invokeTestInstancePostProcessors$1(ClassBasedTestDescriptor.java:423)
	at org.junit.jupiter.engine.descriptor.ClassBasedTestDescriptor.executeAndMaskThrowable(ClassBasedTestDescriptor.java:428)
	at org.junit.jupiter.engine.descriptor.ClassBasedTestDescriptor.lambda$invokeTestInstancePostProcessors$0(ClassBasedTestDescriptor.java:422)
	at java.base/java.util.stream.ForEachOps$ForEachOp$OfRef.accept(ForEachOps.java:186)
	at java.base/java.util.stream.ReferencePipeline$3$1.accept(ReferencePipeline.java:214)
	at java.base/java.util.stream.ReferencePipeline$2$1.accept(ReferencePipeline.java:197)
	at java.base/java.util.stream.ReferencePipeline$3$1.accept(ReferencePipeline.java:214)
	at java.base/java.util.ArrayList$ArrayListSpliterator.forEachRemaining(ArrayList.java:1716)
	at java.base/java.util.stream.AbstractPipeline.copyInto(AbstractPipeline.java:570)
	at java.base/java.util.stream.AbstractPipeline.wrapAndCopyInto(AbstractPipeline.java:560)
	at java.base/java.util.stream.ForEachOps$ForEachOp.evaluateSequential(ForEachOps.java:153)
	at java.base/java.util.stream.ForEachOps$ForEachOp$OfRef.evaluateSequential(ForEachOps.java:176)
	at java.base/java.util.stream.AbstractPipeline.evaluate(AbstractPipeline.java:265)
	at java.base/java.util.stream.ReferencePipeline.forEach(ReferencePipeline.java:632)
	at org.junit.jupiter.engine.descriptor.ClassBasedTestDescriptor.invokeTestInstancePostProcessors(ClassBasedTestDescriptor.java:422)
	at org.junit.jupiter.engine.descriptor.ClassBasedTestDescriptor.lambda$instantiateAndPostProcessTestInstance$0(ClassBasedTestDescriptor.java:334)
	at org.junit.platform.engine.support.hierarchical.ThrowableCollector.execute(ThrowableCollector.java:74)
	at org.junit.jupiter.engine.descriptor.ClassBasedTestDescriptor.instantiateAndPostProcessTestInstance(ClassBasedTestDescriptor.java:333)
	at org.junit.jupiter.engine.descriptor.ClassBasedTestDescriptor.lambda$testInstancesProvider$1(ClassBasedTestDescriptor.java:322)
	at java.base/java.util.Optional.orElseGet(Optional.java:364)
	at org.junit.jupiter.engine.descriptor.ClassBasedTestDescriptor.lambda$testInstancesProvider$0(ClassBasedTestDescriptor.java:321)
	at org.junit.jupiter.engine.execution.TestInstancesProvider.getTestInstances(TestInstancesProvider.java:27)
	at org.junit.jupiter.engine.descriptor.TestMethodTestDescriptor.lambda$prepare$0(TestMethodTestDescriptor.java:127)
	at org.junit.platform.engine.support.hierarchical.ThrowableCollector.execute(ThrowableCollector.java:74)
	at org.junit.jupiter.engine.descriptor.TestMethodTestDescriptor.prepare(TestMethodTestDescriptor.java:126)
	at org.junit.jupiter.engine.descriptor.TestMethodTestDescriptor.prepare(TestMethodTestDescriptor.java:70)
	at org.junit.platform.engine.support.hierarchical.NodeTestTask.lambda$prepare$0(NodeTestTask.java:144)
	at org.junit.platform.engine.support.hierarchical.ThrowableCollector.execute(ThrowableCollector.java:74)
	at org.junit.platform.engine.support.hierarchical.NodeTestTask.prepare(NodeTestTask.java:144)
	at org.junit.platform.engine.support.hierarchical.NodeTestTask.execute(NodeTestTask.java:110)
	at java.base/java.util.ArrayList.forEach(ArrayList.java:1604)
	at org.junit.platform.engine.support.hierarchical.SameThreadHierarchicalTestExecutorService.invokeAll(SameThreadHierarchicalTestExecutorService.java:42)
	at org.junit.platform.engine.support.hierarchical.NodeTestTask.lambda$executeRecursively$2(NodeTestTask.java:180)
	at org.junit.platform.engine.support.hierarchical.ThrowableCollector.execute(ThrowableCollector.java:74)
	at org.junit.platform.engine.support.hierarchical.NodeTestTask.lambda$executeRecursively$1(NodeTestTask.java:166)
	at org.junit.platform.engine.support.hierarchical.Node.around(Node.java:138)
	at org.junit.platform.engine.support.hierarchical.NodeTestTask.lambda$executeRecursively$0(NodeTestTask.java:164)
	at org.junit.platform.engine.support.hierarchical.ThrowableCollector.execute(ThrowableCollector.java:74)
	at org.junit.platform.engine.support.hierarchical.NodeTestTask.executeRecursively(NodeTestTask.java:163)
	at org.junit.platform.engine.support.hierarchical.NodeTestTask.execute(NodeTestTask.java:116)
	at java.base/java.util.ArrayList.forEach(ArrayList.java:1604)
	at org.junit.platform.engine.support.hierarchical.SameThreadHierarchicalTestExecutorService.invokeAll(SameThreadHierarchicalTestExecutorService.java:42)
	at org.junit.platform.engine.support.hierarchical.NodeTestTask.lambda$executeRecursively$2(NodeTestTask.java:180)
	at org.junit.platform.engine.support.hierarchical.ThrowableCollector.execute(ThrowableCollector.java:74)
	at org.junit.platform.engine.support.hierarchical.NodeTestTask.lambda$executeRecursively$1(NodeTestTask.java:166)
	at org.junit.platform.engine.support.hierarchical.Node.around(Node.java:138)
	at org.junit.platform.engine.support.hierarchical.NodeTestTask.lambda$executeRecursively$0(NodeTestTask.java:164)
	at org.junit.platform.engine.support.hierarchical.ThrowableCollector.execute(ThrowableCollector.java:74)
	at org.junit.platform.engine.support.hierarchical.NodeTestTask.executeRecursively(NodeTestTask.java:163)
	at org.junit.platform.engine.support.hierarchical.NodeTestTask.execute(NodeTestTask.java:116)
	at org.junit.platform.engine.support.hierarchical.SameThreadHierarchicalTestExecutorService.submit(SameThreadHierarchicalTestExecutorService.java:36)
	at org.junit.platform.engine.support.hierarchical.HierarchicalTestExecutor.execute(HierarchicalTestExecutor.java:52)
	at org.junit.platform.engine.support.hierarchical.HierarchicalTestEngine.execute(HierarchicalTestEngine.java:58)
	at org.junit.platform.launcher.core.EngineExecutionOrchestrator.executeEngine(EngineExecutionOrchestrator.java:246)
	at org.junit.platform.launcher.core.EngineExecutionOrchestrator.failOrExecuteEngine(EngineExecutionOrchestrator.java:218)
	at org.junit.platform.launcher.core.EngineExecutionOrchestrator.execute(EngineExecutionOrchestrator.java:179)
	at org.junit.platform.launcher.core.EngineExecutionOrchestrator.execute(EngineExecutionOrchestrator.java:108)
	at org.junit.platform.launcher.core.EngineExecutionOrchestrator.lambda$execute$0(EngineExecutionOrchestrator.java:66)
	at org.junit.platform.launcher.core.EngineExecutionOrchestrator.withInterceptedStreams(EngineExecutionOrchestrator.java:157)
	at org.junit.platform.launcher.core.EngineExecutionOrchestrator.execute(EngineExecutionOrchestrator.java:65)
	at org.junit.platform.launcher.core.DefaultLauncher.execute(DefaultLauncher.java:125)
	at org.junit.platform.launcher.core.DefaultLauncher.execute(DefaultLauncher.java:114)
	at org.junit.platform.launcher.core.DefaultLauncher.execute(DefaultLauncher.java:93)
	at org.junit.platform.launcher.core.DelegatingLauncher.execute(DelegatingLauncher.java:48)
	at org.junit.platform.launcher.core.InterceptingLauncher.lambda$execute$0(InterceptingLauncher.java:41)
	at org.junit.platform.launcher.core.ClasspathAlignmentCheckingLauncherInterceptor.intercept(ClasspathAlignmentCheckingLauncherInterceptor.java:25)
	at org.junit.platform.launcher.core.InterceptingLauncher.execute(InterceptingLauncher.java:40)
	at org.junit.platform.launcher.core.DelegatingLauncher.execute(DelegatingLauncher.java:48)
	at org.gradle.api.internal.tasks.testing.junitplatform.JUnitPlatformTestDefinitionProcessor$CollectThenExecuteTestDefinitionConsumer.processAllTestDefinitions(JUnitPlatformTestDefinitionProcessor.java:179)
	at org.gradle.api.internal.tasks.testing.junitplatform.JUnitPlatformTestDefinitionProcessor$CollectThenExecuteTestDefinitionConsumer.access$000(JUnitPlatformTestDefinitionProcessor.java:122)
	at org.gradle.api.internal.tasks.testing.junitplatform.JUnitPlatformTestDefinitionProcessor.stop(JUnitPlatformTestDefinitionProcessor.java:116)
	at org.gradle.api.internal.tasks.testing.SuiteTestDefinitionProcessor.stop(SuiteTestDefinitionProcessor.java:63)
	at java.base/jdk.internal.reflect.DirectMethodHandleAccessor.invoke(DirectMethodHandleAccessor.java:104)
	at java.base/java.lang.reflect.Method.invoke(Method.java:565)
	at org.gradle.internal.dispatch.MethodInvocation.invokeOn(MethodInvocation.java:77)
	at org.gradle.internal.dispatch.ReflectionDispatch.dispatch(ReflectionDispatch.java:28)
	at org.gradle.internal.dispatch.ReflectionDispatch.dispatch(ReflectionDispatch.java:19)
	at org.gradle.internal.dispatch.ContextClassLoaderDispatch.dispatch(ContextClassLoaderDispatch.java:33)
	at org.gradle.internal.dispatch.ProxyDispatchAdapter$DispatchingInvocationHandler.invoke(ProxyDispatchAdapter.java:88)
	at jdk.proxy1/jdk.proxy1.$Proxy4.stop(Unknown Source)
	at org.gradle.api.internal.tasks.testing.worker.TestWorker$3.run(TestWorker.java:195)
	at org.gradle.api.internal.tasks.testing.worker.TestWorker.executeAndMaintainThreadName(TestWorker.java:126)
	at org.gradle.api.internal.tasks.testing.worker.TestWorker.execute(TestWorker.java:103)
	at org.gradle.api.internal.tasks.testing.worker.TestWorker.execute(TestWorker.java:63)
	at org.gradle.process.internal.worker.child.ActionExecutionWorker.execute(ActionExecutionWorker.java:56)
	at org.gradle.process.internal.worker.child.SystemApplicationClassLoaderWorker.call(SystemApplicationClassLoaderWorker.java:122)
	at org.gradle.process.internal.worker.child.SystemApplicationClassLoaderWorker.call(SystemApplicationClassLoaderWorker.java:72)
	at worker.org.gradle.process.internal.worker.GradleWorkerMain.run(GradleWorkerMain.java:69)
	at worker.org.gradle.process.internal.worker.GradleWorkerMain.main(GradleWorkerMain.java:74)
Caused by: org.springframework.beans.factory.UnsatisfiedDependencyException: Error creating bean with name 'securityFilterChain' defined in class path resource [com/platform/drockley/config/SecurityConfig.class]: Unsatisfied dependency expressed through method 'securityFilterChain' parameter 0: Error creating bean with name 'org.springframework.security.config.annotation.web.configuration.HttpSecurityConfiguration': Unsatisfied dependency expressed through method 'setContentNegotiationStrategy' parameter 0: Error creating bean with name 'mvcContentNegotiationManager' defined in class path resource [org/springframework/boot/webmvc/autoconfigure/WebMvcAutoConfiguration$EnableWebMvcConfiguration.class]: Failed to instantiate [org.springframework.web.accept.ContentNegotiationManager]: Factory method 'mvcContentNegotiationManager' threw exception with message: Error creating bean with name 'jacksonJsonHttpMessageConvertersCustomizer' defined in class path resource [org/springframework/boot/http/converter/autoconfigure/JacksonHttpMessageConvertersConfiguration$JacksonJsonHttpMessageConverterConfiguration.class]: Unsatisfied dependency expressed through method 'jacksonJsonHttpMessageConvertersCustomizer' parameter 0: Error creating bean with name 'jacksonJsonMapper' defined in class path resource [org/springframework/boot/jackson/autoconfigure/JacksonAutoConfiguration.class]: Unsatisfied dependency expressed through method 'jacksonJsonMapper' parameter 0: Error creating bean with name 'jsonMapperBuilder' defined in class path resource [org/springframework/boot/jackson/autoconfigure/JacksonAutoConfiguration.class]: Unsatisfied dependency expressed through method 'jsonMapperBuilder' parameter 0: Error creating bean with name 'standardJsonMapperBuilderCustomizer' defined in class path resource [org/springframework/boot/jackson/autoconfigure/JacksonAutoConfiguration$JacksonJsonMapperBuilderCustomizerConfiguration.class]: Unsatisfied dependency expressed through method 'standardJsonMapperBuilderCustomizer' parameter 0: Error creating bean with name 'spring.jackson-org.springframework.boot.jackson.autoconfigure.JacksonProperties': Could not bind properties to 'JacksonProperties' : prefix=spring.jackson, ignoreInvalidFields=false, ignoreUnknownFields=true
	at org.springframework.beans.factory.support.ConstructorResolver.createArgumentArray(ConstructorResolver.java:804)
	at org.springframework.beans.factory.support.ConstructorResolver.instantiateUsingFactoryMethod(ConstructorResolver.java:546)
	at org.springframework.beans.factory.support.AbstractAutowireCapableBeanFactory.instantiateUsingFactoryMethod(AbstractAutowireCapableBeanFactory.java:1362)
	at org.springframework.beans.factory.support.AbstractAutowireCapableBeanFactory.createBeanInstance(AbstractAutowireCapableBeanFactory.java:1194)
	at org.springframework.beans.factory.support.AbstractAutowireCapableBeanFactory.doCreateBean(AbstractAutowireCapableBeanFactory.java:565)
	at org.springframework.beans.factory.support.AbstractAutowireCapableBeanFactory.createBean(AbstractAutowireCapableBeanFactory.java:525)
	at org.springframework.beans.factory.support.AbstractBeanFactory.lambda$doGetBean$0(AbstractBeanFactory.java:333)
	at org.springframework.beans.factory.support.DefaultSingletonBeanRegistry.getSingleton(DefaultSingletonBeanRegistry.java:371)
	at org.springframework.beans.factory.support.AbstractBeanFactory.doGetBean(AbstractBeanFactory.java:331)
	at org.springframework.beans.factory.support.AbstractBeanFactory.getBean(AbstractBeanFactory.java:196)
	at org.springframework.beans.factory.support.DefaultListableBeanFactory.instantiateSingleton(DefaultListableBeanFactory.java:1218)
	at org.springframework.beans.factory.support.DefaultListableBeanFactory.preInstantiateSingleton(DefaultListableBeanFactory.java:1184)
	at org.springframework.beans.factory.support.DefaultListableBeanFactory.preInstantiateSingletons(DefaultListableBeanFactory.java:1121)
	at org.springframework.context.support.AbstractApplicationContext.finishBeanFactoryInitialization(AbstractApplicationContext.java:994)
	at org.springframework.context.support.AbstractApplicationContext.refresh(AbstractApplicationContext.java:621)
	at org.springframework.boot.SpringApplication.refresh(SpringApplication.java:756)
	at org.springframework.boot.SpringApplication.refreshContext(SpringApplication.java:445)
	at org.springframework.boot.SpringApplication.run(SpringApplication.java:321)
	at org.springframework.boot.test.context.SpringBootContextLoader.lambda$loadContext$2(SpringBootContextLoader.java:155)
	at org.springframework.util.function.ThrowingSupplier.get(ThrowingSupplier.java:58)
	at org.springframework.util.function.ThrowingSupplier.get(ThrowingSupplier.java:46)
	at org.springframework.boot.SpringApplication.withHook(SpringApplication.java:1465)
	at org.springframework.boot.test.context.SpringBootContextLoader$ContextLoaderHook.run(SpringBootContextLoader.java:600)
	at org.springframework.boot.test.context.SpringBootContextLoader.loadContext(SpringBootContextLoader.java:155)
	at org.springframework.boot.test.context.SpringBootContextLoader.loadContext(SpringBootContextLoader.java:114)
	at org.springframework.test.context.cache.DefaultCacheAwareContextLoaderDelegate.loadContextInternal(DefaultCacheAwareContextLoaderDelegate.java:247)
	at org.springframework.test.context.cache.DefaultCacheAwareContextLoaderDelegate.lambda$loadContext$0(DefaultCacheAwareContextLoaderDelegate.java:167)
	... 96 common frames omitted
Caused by: org.springframework.beans.factory.UnsatisfiedDependencyException: Error creating bean with name 'org.springframework.security.config.annotation.web.configuration.HttpSecurityConfiguration': Unsatisfied dependency expressed through method 'setContentNegotiationStrategy' parameter 0: Error creating bean with name 'mvcContentNegotiationManager' defined in class path resource [org/springframework/boot/webmvc/autoconfigure/WebMvcAutoConfiguration$EnableWebMvcConfiguration.class]: Failed to instantiate [org.springframework.web.accept.ContentNegotiationManager]: Factory method 'mvcContentNegotiationManager' threw exception with message: Error creating bean with name 'jacksonJsonHttpMessageConvertersCustomizer' defined in class path resource [org/springframework/boot/http/converter/autoconfigure/JacksonHttpMessageConvertersConfiguration$JacksonJsonHttpMessageConverterConfiguration.class]: Unsatisfied dependency expressed through method 'jacksonJsonHttpMessageConvertersCustomizer' parameter 0: Error creating bean with name 'jacksonJsonMapper' defined in class path resource [org/springframework/boot/jackson/autoconfigure/JacksonAutoConfiguration.class]: Unsatisfied dependency expressed through method 'jacksonJsonMapper' parameter 0: Error creating bean with name 'jsonMapperBuilder' defined in class path resource [org/springframework/boot/jackson/autoconfigure/JacksonAutoConfiguration.class]: Unsatisfied dependency expressed through method 'jsonMapperBuilder' parameter 0: Error creating bean with name 'standardJsonMapperBuilderCustomizer' defined in class path resource [org/springframework/boot/jackson/autoconfigure/JacksonAutoConfiguration$JacksonJsonMapperBuilderCustomizerConfiguration.class]: Unsatisfied dependency expressed through method 'standardJsonMapperBuilderCustomizer' parameter 0: Error creating bean with name 'spring.jackson-org.springframework.boot.jackson.autoconfigure.JacksonProperties': Could not bind properties to 'JacksonProperties' : prefix=spring.jackson, ignoreInvalidFields=false, ignoreUnknownFields=true
	at org.springframework.beans.factory.annotation.AutowiredAnnotationBeanPostProcessor$AutowiredMethodElement.resolveMethodArguments(AutowiredAnnotationBeanPostProcessor.java:872)
	at org.springframework.beans.factory.annotation.AutowiredAnnotationBeanPostProcessor$AutowiredMethodElement.inject(AutowiredAnnotationBeanPostProcessor.java:827)
	at org.springframework.beans.factory.annotation.InjectionMetadata.inject(InjectionMetadata.java:146)
	at org.springframework.beans.factory.annotation.AutowiredAnnotationBeanPostProcessor.postProcessProperties(AutowiredAnnotationBeanPostProcessor.java:493)
	at org.springframework.beans.factory.support.AbstractAutowireCapableBeanFactory.populateBean(AbstractAutowireCapableBeanFactory.java:1446)
	at org.springframework.beans.factory.support.AbstractAutowireCapableBeanFactory.doCreateBean(AbstractAutowireCapableBeanFactory.java:602)
	at org.springframework.beans.factory.support.AbstractAutowireCapableBeanFactory.createBean(AbstractAutowireCapableBeanFactory.java:525)
	at org.springframework.beans.factory.support.AbstractBeanFactory.lambda$doGetBean$0(AbstractBeanFactory.java:333)
	at org.springframework.beans.factory.support.DefaultSingletonBeanRegistry.getSingleton(DefaultSingletonBeanRegistry.java:371)
	at org.springframework.beans.factory.support.AbstractBeanFactory.doGetBean(AbstractBeanFactory.java:331)
	at org.springframework.beans.factory.support.AbstractBeanFactory.getBean(AbstractBeanFactory.java:196)
	at org.springframework.beans.factory.support.ConstructorResolver.instantiateUsingFactoryMethod(ConstructorResolver.java:413)
	at org.springframework.beans.factory.support.AbstractAutowireCapableBeanFactory.instantiateUsingFactoryMethod(AbstractAutowireCapableBeanFactory.java:1362)
	at org.springframework.beans.factory.support.AbstractAutowireCapableBeanFactory.createBeanInstance(AbstractAutowireCapableBeanFactory.java:1194)
	at org.springframework.beans.factory.support.AbstractAutowireCapableBeanFactory.doCreateBean(AbstractAutowireCapableBeanFactory.java:565)
	at org.springframework.beans.factory.support.AbstractAutowireCapableBeanFactory.createBean(AbstractAutowireCapableBeanFactory.java:525)
	at org.springframework.beans.factory.support.AbstractBeanFactory.doGetBean(AbstractBeanFactory.java:351)
	at org.springframework.beans.factory.support.AbstractBeanFactory.getBean(AbstractBeanFactory.java:201)
	at org.springframework.beans.factory.config.DependencyDescriptor.resolveCandidate(DependencyDescriptor.java:229)
	at org.springframework.beans.factory.support.DefaultListableBeanFactory.doResolveDependency(DefaultListableBeanFactory.java:1762)
	at org.springframework.beans.factory.support.DefaultListableBeanFactory.resolveDependency(DefaultListableBeanFactory.java:1651)
	at org.springframework.beans.factory.support.ConstructorResolver.resolveAutowiredArgument(ConstructorResolver.java:912)
	at org.springframework.beans.factory.support.ConstructorResolver.createArgumentArray(ConstructorResolver.java:791)
	... 122 common frames omitted
Caused by: org.springframework.beans.factory.BeanCreationException: Error creating bean with name 'mvcContentNegotiationManager' defined in class path resource [org/springframework/boot/webmvc/autoconfigure/WebMvcAutoConfiguration$EnableWebMvcConfiguration.class]: Failed to instantiate [org.springframework.web.accept.ContentNegotiationManager]: Factory method 'mvcContentNegotiationManager' threw exception with message: Error creating bean with name 'jacksonJsonHttpMessageConvertersCustomizer' defined in class path resource [org/springframework/boot/http/converter/autoconfigure/JacksonHttpMessageConvertersConfiguration$JacksonJsonHttpMessageConverterConfiguration.class]: Unsatisfied dependency expressed through method 'jacksonJsonHttpMessageConvertersCustomizer' parameter 0: Error creating bean with name 'jacksonJsonMapper' defined in class path resource [org/springframework/boot/jackson/autoconfigure/JacksonAutoConfiguration.class]: Unsatisfied dependency expressed through method 'jacksonJsonMapper' parameter 0: Error creating bean with name 'jsonMapperBuilder' defined in class path resource [org/springframework/boot/jackson/autoconfigure/JacksonAutoConfiguration.class]: Unsatisfied dependency expressed through method 'jsonMapperBuilder' parameter 0: Error creating bean with name 'standardJsonMapperBuilderCustomizer' defined in class path resource [org/springframework/boot/jackson/autoconfigure/JacksonAutoConfiguration$JacksonJsonMapperBuilderCustomizerConfiguration.class]: Unsatisfied dependency expressed through method 'standardJsonMapperBuilderCustomizer' parameter 0: Error creating bean with name 'spring.jackson-org.springframework.boot.jackson.autoconfigure.JacksonProperties': Could not bind properties to 'JacksonProperties' : prefix=spring.jackson, ignoreInvalidFields=false, ignoreUnknownFields=true
	at org.springframework.beans.factory.support.ConstructorResolver.instantiate(ConstructorResolver.java:657)
	at org.springframework.beans.factory.support.ConstructorResolver.instantiateUsingFactoryMethod(ConstructorResolver.java:489)
	at org.springframework.beans.factory.support.AbstractAutowireCapableBeanFactory.instantiateUsingFactoryMethod(AbstractAutowireCapableBeanFactory.java:1362)
	at org.springframework.beans.factory.support.AbstractAutowireCapableBeanFactory.createBeanInstance(AbstractAutowireCapableBeanFactory.java:1194)
	at org.springframework.beans.factory.support.AbstractAutowireCapableBeanFactory.doCreateBean(AbstractAutowireCapableBeanFactory.java:565)
	at org.springframework.beans.factory.support.AbstractAutowireCapableBeanFactory.createBean(AbstractAutowireCapableBeanFactory.java:525)
	at org.springframework.beans.factory.support.AbstractBeanFactory.lambda$doGetBean$0(AbstractBeanFactory.java:333)
	at org.springframework.beans.factory.support.DefaultSingletonBeanRegistry.getSingleton(DefaultSingletonBeanRegistry.java:371)
	at org.springframework.beans.factory.support.AbstractBeanFactory.doGetBean(AbstractBeanFactory.java:331)
	at org.springframework.beans.factory.support.AbstractBeanFactory.getBean(AbstractBeanFactory.java:201)
	at org.springframework.beans.factory.config.DependencyDescriptor.resolveCandidate(DependencyDescriptor.java:229)
	at org.springframework.beans.factory.support.DefaultListableBeanFactory.doResolveDependency(DefaultListableBeanFactory.java:1762)
	at org.springframework.beans.factory.support.DefaultListableBeanFactory.resolveDependency(DefaultListableBeanFactory.java:1651)
	at org.springframework.beans.factory.annotation.AutowiredAnnotationBeanPostProcessor$AutowiredMethodElement.resolveMethodArguments(AutowiredAnnotationBeanPostProcessor.java:864)
	... 144 common frames omitted
Caused by: org.springframework.beans.BeanInstantiationException: Failed to instantiate [org.springframework.web.accept.ContentNegotiationManager]: Factory method 'mvcContentNegotiationManager' threw exception with message: Error creating bean with name 'jacksonJsonHttpMessageConvertersCustomizer' defined in class path resource [org/springframework/boot/http/converter/autoconfigure/JacksonHttpMessageConvertersConfiguration$JacksonJsonHttpMessageConverterConfiguration.class]: Unsatisfied dependency expressed through method 'jacksonJsonHttpMessageConvertersCustomizer' parameter 0: Error creating bean with name 'jacksonJsonMapper' defined in class path resource [org/springframework/boot/jackson/autoconfigure/JacksonAutoConfiguration.class]: Unsatisfied dependency expressed through method 'jacksonJsonMapper' parameter 0: Error creating bean with name 'jsonMapperBuilder' defined in class path resource [org/springframework/boot/jackson/autoconfigure/JacksonAutoConfiguration.class]: Unsatisfied dependency expressed through method 'jsonMapperBuilder' parameter 0: Error creating bean with name 'standardJsonMapperBuilderCustomizer' defined in class path resource [org/springframework/boot/jackson/autoconfigure/JacksonAutoConfiguration$JacksonJsonMapperBuilderCustomizerConfiguration.class]: Unsatisfied dependency expressed through method 'standardJsonMapperBuilderCustomizer' parameter 0: Error creating bean with name 'spring.jackson-org.springframework.boot.jackson.autoconfigure.JacksonProperties': Could not bind properties to 'JacksonProperties' : prefix=spring.jackson, ignoreInvalidFields=false, ignoreUnknownFields=true
	at org.springframework.beans.factory.support.SimpleInstantiationStrategy.lambda$instantiate$0(SimpleInstantiationStrategy.java:183)
	at org.springframework.beans.factory.support.SimpleInstantiationStrategy.instantiateWithFactoryMethod(SimpleInstantiationStrategy.java:72)
	at org.springframework.beans.factory.support.SimpleInstantiationStrategy.instantiate(SimpleInstantiationStrategy.java:152)
	at org.springframework.beans.factory.support.ConstructorResolver.instantiate(ConstructorResolver.java:653)
	... 157 common frames omitted
Caused by: org.springframework.beans.factory.UnsatisfiedDependencyException: Error creating bean with name 'jacksonJsonHttpMessageConvertersCustomizer' defined in class path resource [org/springframework/boot/http/converter/autoconfigure/JacksonHttpMessageConvertersConfiguration$JacksonJsonHttpMessageConverterConfiguration.class]: Unsatisfied dependency expressed through method 'jacksonJsonHttpMessageConvertersCustomizer' parameter 0: Error creating bean with name 'jacksonJsonMapper' defined in class path resource [org/springframework/boot/jackson/autoconfigure/JacksonAutoConfiguration.class]: Unsatisfied dependency expressed through method 'jacksonJsonMapper' parameter 0: Error creating bean with name 'jsonMapperBuilder' defined in class path resource [org/springframework/boot/jackson/autoconfigure/JacksonAutoConfiguration.class]: Unsatisfied dependency expressed through method 'jsonMapperBuilder' parameter 0: Error creating bean with name 'standardJsonMapperBuilderCustomizer' defined in class path resource [org/springframework/boot/jackson/autoconfigure/JacksonAutoConfiguration$JacksonJsonMapperBuilderCustomizerConfiguration.class]: Unsatisfied dependency expressed through method 'standardJsonMapperBuilderCustomizer' parameter 0: Error creating bean with name 'spring.jackson-org.springframework.boot.jackson.autoconfigure.JacksonProperties': Could not bind properties to 'JacksonProperties' : prefix=spring.jackson, ignoreInvalidFields=false, ignoreUnknownFields=true
	at org.springframework.beans.factory.support.ConstructorResolver.createArgumentArray(ConstructorResolver.java:804)
	at org.springframework.beans.factory.support.ConstructorResolver.instantiateUsingFactoryMethod(ConstructorResolver.java:546)
	at org.springframework.beans.factory.support.AbstractAutowireCapableBeanFactory.instantiateUsingFactoryMethod(AbstractAutowireCapableBeanFactory.java:1362)
	at org.springframework.beans.factory.support.AbstractAutowireCapableBeanFactory.createBeanInstance(AbstractAutowireCapableBeanFactory.java:1194)
	at org.springframework.beans.factory.support.AbstractAutowireCapableBeanFactory.doCreateBean(AbstractAutowireCapableBeanFactory.java:565)
	at org.springframework.beans.factory.support.AbstractAutowireCapableBeanFactory.createBean(AbstractAutowireCapableBeanFactory.java:525)
	at org.springframework.beans.factory.support.AbstractBeanFactory.lambda$doGetBean$0(AbstractBeanFactory.java:333)
	at org.springframework.beans.factory.support.DefaultSingletonBeanRegistry.getSingleton(DefaultSingletonBeanRegistry.java:371)
	at org.springframework.beans.factory.support.AbstractBeanFactory.doGetBean(AbstractBeanFactory.java:331)
	at org.springframework.beans.factory.support.AbstractBeanFactory.getBean(AbstractBeanFactory.java:201)
	at org.springframework.beans.factory.config.DependencyDescriptor.resolveCandidate(DependencyDescriptor.java:229)
	at org.springframework.beans.factory.support.DefaultListableBeanFactory.addCandidateEntry(DefaultListableBeanFactory.java:2015)
	at org.springframework.beans.factory.support.DefaultListableBeanFactory.findAutowireCandidates(DefaultListableBeanFactory.java:1971)
	at org.springframework.beans.factory.support.DefaultListableBeanFactory.resolveMultipleBeans(DefaultListableBeanFactory.java:1792)
	at org.springframework.beans.factory.support.DefaultListableBeanFactory.doResolveDependency(DefaultListableBeanFactory.java:1711)
	at org.springframework.beans.factory.support.DefaultListableBeanFactory$DependencyObjectProvider.resolveStream(DefaultListableBeanFactory.java:2685)
	at org.springframework.beans.factory.support.DefaultListableBeanFactory$DependencyObjectProvider.orderedStream(DefaultListableBeanFactory.java:2679)
	at org.springframework.boot.webmvc.autoconfigure.WebMvcAutoConfiguration$WebMvcAutoConfigurationAdapter.configureMessageConverters(WebMvcAutoConfiguration.java:250)
	at org.springframework.web.servlet.config.annotation.WebMvcConfigurerComposite.configureMessageConverters(WebMvcConfigurerComposite.java:147)
	at org.springframework.web.servlet.config.annotation.DelegatingWebMvcConfiguration.configureMessageConverters(DelegatingWebMvcConfiguration.java:126)
	at org.springframework.web.servlet.config.annotation.WebMvcConfigurationSupport.createMessageConverters(WebMvcConfigurationSupport.java:873)
	at org.springframework.web.servlet.config.annotation.WebMvcConfigurationSupport.addDefaultHttpMessageConverters(WebMvcConfigurationSupport.java:920)
	at org.springframework.web.servlet.config.annotation.WebMvcConfigurationSupport.getMessageConverters(WebMvcConfigurationSupport.java:855)
	at org.springframework.web.servlet.config.annotation.WebMvcConfigurationSupport.getDefaultMediaTypes(WebMvcConfigurationSupport.java:411)
	at org.springframework.web.servlet.config.annotation.WebMvcConfigurationSupport.mvcContentNegotiationManager(WebMvcConfigurationSupport.java:402)
	at java.base/jdk.internal.reflect.DirectMethodHandleAccessor.invoke(DirectMethodHandleAccessor.java:104)
	at java.base/java.lang.reflect.Method.invoke(Method.java:565)
	at org.springframework.beans.factory.support.SimpleInstantiationStrategy.lambda$instantiate$0(SimpleInstantiationStrategy.java:155)
	... 160 common frames omitted
Caused by: org.springframework.beans.factory.UnsatisfiedDependencyException: Error creating bean with name 'jacksonJsonMapper' defined in class path resource [org/springframework/boot/jackson/autoconfigure/JacksonAutoConfiguration.class]: Unsatisfied dependency expressed through method 'jacksonJsonMapper' parameter 0: Error creating bean with name 'jsonMapperBuilder' defined in class path resource [org/springframework/boot/jackson/autoconfigure/JacksonAutoConfiguration.class]: Unsatisfied dependency expressed through method 'jsonMapperBuilder' parameter 0: Error creating bean with name 'standardJsonMapperBuilderCustomizer' defined in class path resource [org/springframework/boot/jackson/autoconfigure/JacksonAutoConfiguration$JacksonJsonMapperBuilderCustomizerConfiguration.class]: Unsatisfied dependency expressed through method 'standardJsonMapperBuilderCustomizer' parameter 0: Error creating bean with name 'spring.jackson-org.springframework.boot.jackson.autoconfigure.JacksonProperties': Could not bind properties to 'JacksonProperties' : prefix=spring.jackson, ignoreInvalidFields=false, ignoreUnknownFields=true
	at org.springframework.beans.factory.support.ConstructorResolver.createArgumentArray(ConstructorResolver.java:804)
	at org.springframework.beans.factory.support.ConstructorResolver.instantiateUsingFactoryMethod(ConstructorResolver.java:546)
	at org.springframework.beans.factory.support.AbstractAutowireCapableBeanFactory.instantiateUsingFactoryMethod(AbstractAutowireCapableBeanFactory.java:1362)
	at org.springframework.beans.factory.support.AbstractAutowireCapableBeanFactory.createBeanInstance(AbstractAutowireCapableBeanFactory.java:1194)
	at org.springframework.beans.factory.support.AbstractAutowireCapableBeanFactory.doCreateBean(AbstractAutowireCapableBeanFactory.java:565)
	at org.springframework.beans.factory.support.AbstractAutowireCapableBeanFactory.createBean(AbstractAutowireCapableBeanFactory.java:525)
	at org.springframework.beans.factory.support.AbstractBeanFactory.lambda$doGetBean$0(AbstractBeanFactory.java:333)
	at org.springframework.beans.factory.support.DefaultSingletonBeanRegistry.getSingleton(DefaultSingletonBeanRegistry.java:371)
	at org.springframework.beans.factory.support.AbstractBeanFactory.doGetBean(AbstractBeanFactory.java:331)
	at org.springframework.beans.factory.support.AbstractBeanFactory.getBean(AbstractBeanFactory.java:201)
	at org.springframework.beans.factory.config.DependencyDescriptor.resolveCandidate(DependencyDescriptor.java:229)
	at org.springframework.beans.factory.support.DefaultListableBeanFactory.doResolveDependency(DefaultListableBeanFactory.java:1762)
	at org.springframework.beans.factory.support.DefaultListableBeanFactory.resolveDependency(DefaultListableBeanFactory.java:1651)
	at org.springframework.beans.factory.support.ConstructorResolver.resolveAutowiredArgument(ConstructorResolver.java:912)
	at org.springframework.beans.factory.support.ConstructorResolver.createArgumentArray(ConstructorResolver.java:791)
	... 187 common frames omitted
Caused by: org.springframework.beans.factory.UnsatisfiedDependencyException: Error creating bean with name 'jsonMapperBuilder' defined in class path resource [org/springframework/boot/jackson/autoconfigure/JacksonAutoConfiguration.class]: Unsatisfied dependency expressed through method 'jsonMapperBuilder' parameter 0: Error creating bean with name 'standardJsonMapperBuilderCustomizer' defined in class path resource [org/springframework/boot/jackson/autoconfigure/JacksonAutoConfiguration$JacksonJsonMapperBuilderCustomizerConfiguration.class]: Unsatisfied dependency expressed through method 'standardJsonMapperBuilderCustomizer' parameter 0: Error creating bean with name 'spring.jackson-org.springframework.boot.jackson.autoconfigure.JacksonProperties': Could not bind properties to 'JacksonProperties' : prefix=spring.jackson, ignoreInvalidFields=false, ignoreUnknownFields=true
	at org.springframework.beans.factory.support.ConstructorResolver.createArgumentArray(ConstructorResolver.java:804)
	at org.springframework.beans.factory.support.ConstructorResolver.instantiateUsingFactoryMethod(ConstructorResolver.java:546)
	at org.springframework.beans.factory.support.AbstractAutowireCapableBeanFactory.instantiateUsingFactoryMethod(AbstractAutowireCapableBeanFactory.java:1362)
	at org.springframework.beans.factory.support.AbstractAutowireCapableBeanFactory.createBeanInstance(AbstractAutowireCapableBeanFactory.java:1194)
	at org.springframework.beans.factory.support.AbstractAutowireCapableBeanFactory.doCreateBean(AbstractAutowireCapableBeanFactory.java:565)
	at org.springframework.beans.factory.support.AbstractAutowireCapableBeanFactory.createBean(AbstractAutowireCapableBeanFactory.java:525)
	at org.springframework.beans.factory.support.AbstractBeanFactory.doGetBean(AbstractBeanFactory.java:351)
	at org.springframework.beans.factory.support.AbstractBeanFactory.getBean(AbstractBeanFactory.java:201)
	at org.springframework.beans.factory.config.DependencyDescriptor.resolveCandidate(DependencyDescriptor.java:229)
	at org.springframework.beans.factory.support.DefaultListableBeanFactory.doResolveDependency(DefaultListableBeanFactory.java:1762)
	at org.springframework.beans.factory.support.DefaultListableBeanFactory.resolveDependency(DefaultListableBeanFactory.java:1651)
	at org.springframework.beans.factory.support.ConstructorResolver.resolveAutowiredArgument(ConstructorResolver.java:912)
	at org.springframework.beans.factory.support.ConstructorResolver.createArgumentArray(ConstructorResolver.java:791)
	... 201 common frames omitted
Caused by: org.springframework.beans.factory.UnsatisfiedDependencyException: Error creating bean with name 'standardJsonMapperBuilderCustomizer' defined in class path resource [org/springframework/boot/jackson/autoconfigure/JacksonAutoConfiguration$JacksonJsonMapperBuilderCustomizerConfiguration.class]: Unsatisfied dependency expressed through method 'standardJsonMapperBuilderCustomizer' parameter 0: Error creating bean with name 'spring.jackson-org.springframework.boot.jackson.autoconfigure.JacksonProperties': Could not bind properties to 'JacksonProperties' : prefix=spring.jackson, ignoreInvalidFields=false, ignoreUnknownFields=true
	at org.springframework.beans.factory.support.ConstructorResolver.createArgumentArray(ConstructorResolver.java:804)
	at org.springframework.beans.factory.support.ConstructorResolver.instantiateUsingFactoryMethod(ConstructorResolver.java:546)
	at org.springframework.beans.factory.support.AbstractAutowireCapableBeanFactory.instantiateUsingFactoryMethod(AbstractAutowireCapableBeanFactory.java:1362)
	at org.springframework.beans.factory.support.AbstractAutowireCapableBeanFactory.createBeanInstance(AbstractAutowireCapableBeanFactory.java:1194)
	at org.springframework.beans.factory.support.AbstractAutowireCapableBeanFactory.doCreateBean(AbstractAutowireCapableBeanFactory.java:565)
	at org.springframework.beans.factory.support.AbstractAutowireCapableBeanFactory.createBean(AbstractAutowireCapableBeanFactory.java:525)
	at org.springframework.beans.factory.support.AbstractBeanFactory.lambda$doGetBean$0(AbstractBeanFactory.java:333)
	at org.springframework.beans.factory.support.DefaultSingletonBeanRegistry.getSingleton(DefaultSingletonBeanRegistry.java:371)
	at org.springframework.beans.factory.support.AbstractBeanFactory.doGetBean(AbstractBeanFactory.java:331)
	at org.springframework.beans.factory.support.AbstractBeanFactory.getBean(AbstractBeanFactory.java:201)
	at org.springframework.beans.factory.config.DependencyDescriptor.resolveCandidate(DependencyDescriptor.java:229)
	at org.springframework.beans.factory.support.DefaultListableBeanFactory.addCandidateEntry(DefaultListableBeanFactory.java:2008)
	at org.springframework.beans.factory.support.DefaultListableBeanFactory.findAutowireCandidates(DefaultListableBeanFactory.java:1971)
	at org.springframework.beans.factory.support.DefaultListableBeanFactory.resolveMultipleBeanCollection(DefaultListableBeanFactory.java:1863)
	at org.springframework.beans.factory.support.DefaultListableBeanFactory.resolveMultipleBeans(DefaultListableBeanFactory.java:1833)
	at org.springframework.beans.factory.support.DefaultListableBeanFactory.doResolveDependency(DefaultListableBeanFactory.java:1711)
	at org.springframework.beans.factory.support.DefaultListableBeanFactory.resolveDependency(DefaultListableBeanFactory.java:1651)
	at org.springframework.beans.factory.support.ConstructorResolver.resolveAutowiredArgument(ConstructorResolver.java:912)
	at org.springframework.beans.factory.support.ConstructorResolver.createArgumentArray(ConstructorResolver.java:791)
	... 213 common frames omitted
Caused by: org.springframework.boot.context.properties.ConfigurationPropertiesBindException: Error creating bean with name 'spring.jackson-org.springframework.boot.jackson.autoconfigure.JacksonProperties': Could not bind properties to 'JacksonProperties' : prefix=spring.jackson, ignoreInvalidFields=false, ignoreUnknownFields=true
	at org.springframework.boot.context.properties.ConfigurationPropertiesBindingPostProcessor.bind(ConfigurationPropertiesBindingPostProcessor.java:104)
	at org.springframework.boot.context.properties.ConfigurationPropertiesBindingPostProcessor.postProcessBeforeInitialization(ConfigurationPropertiesBindingPostProcessor.java:84)
	at org.springframework.beans.factory.support.AbstractAutowireCapableBeanFactory.applyBeanPostProcessorsBeforeInitialization(AbstractAutowireCapableBeanFactory.java:426)
	at org.springframework.beans.factory.support.AbstractAutowireCapableBeanFactory.initializeBean(AbstractAutowireCapableBeanFactory.java:1809)
	at org.springframework.beans.factory.support.AbstractAutowireCapableBeanFactory.doCreateBean(AbstractAutowireCapableBeanFactory.java:603)
	at org.springframework.beans.factory.support.AbstractAutowireCapableBeanFactory.createBean(AbstractAutowireCapableBeanFactory.java:525)
	at org.springframework.beans.factory.support.AbstractBeanFactory.lambda$doGetBean$0(AbstractBeanFactory.java:333)
	at org.springframework.beans.factory.support.DefaultSingletonBeanRegistry.getSingleton(DefaultSingletonBeanRegistry.java:371)
	at org.springframework.beans.factory.support.AbstractBeanFactory.doGetBean(AbstractBeanFactory.java:331)
	at org.springframework.beans.factory.support.AbstractBeanFactory.getBean(AbstractBeanFactory.java:201)
	at org.springframework.beans.factory.config.DependencyDescriptor.resolveCandidate(DependencyDescriptor.java:229)
	at org.springframework.beans.factory.support.DefaultListableBeanFactory.doResolveDependency(DefaultListableBeanFactory.java:1762)
	at org.springframework.beans.factory.support.DefaultListableBeanFactory.resolveDependency(DefaultListableBeanFactory.java:1651)
	at org.springframework.beans.factory.support.ConstructorResolver.resolveAutowiredArgument(ConstructorResolver.java:912)
	at org.springframework.beans.factory.support.ConstructorResolver.createArgumentArray(ConstructorResolver.java:791)
	... 231 common frames omitted
Caused by: org.springframework.boot.context.properties.bind.BindException: Failed to bind properties under 'spring.jackson.serialization' to java.util.Map<tools.jackson.databind.SerializationFeature, java.lang.Boolean>
	at org.springframework.boot.context.properties.bind.Binder.handleBindError(Binder.java:418)
	at org.springframework.boot.context.properties.bind.Binder.bind(Binder.java:377)
	at org.springframework.boot.context.properties.bind.Binder.lambda$bindDataObject$0(Binder.java:505)
	at org.springframework.boot.context.properties.bind.JavaBeanBinder.bind(JavaBeanBinder.java:127)
	at org.springframework.boot.context.properties.bind.JavaBeanBinder.bind(JavaBeanBinder.java:115)
	at org.springframework.boot.context.properties.bind.JavaBeanBinder.bind(JavaBeanBinder.java:71)
	at org.springframework.boot.context.properties.bind.Binder.lambda$bindDataObject$2(Binder.java:508)
	at org.springframework.boot.context.properties.bind.Binder.fromDataObjectBinders(Binder.java:517)
	at org.springframework.boot.context.properties.bind.Binder.lambda$bindDataObject$1(Binder.java:507)
	at org.springframework.boot.context.properties.bind.Binder$Context.withIncreasedDepth(Binder.java:632)
	at org.springframework.boot.context.properties.bind.Binder$Context.withDataObject(Binder.java:618)
	at org.springframework.boot.context.properties.bind.Binder.bindDataObject(Binder.java:509)
	at org.springframework.boot.context.properties.bind.Binder.bindObject(Binder.java:445)
	at org.springframework.boot.context.properties.bind.Binder.bind(Binder.java:373)
	at org.springframework.boot.context.properties.bind.Binder.bind(Binder.java:360)
	at org.springframework.boot.context.properties.bind.Binder.bind(Binder.java:287)
	at org.springframework.boot.context.properties.bind.Binder.bind(Binder.java:274)
	at org.springframework.boot.context.properties.ConfigurationPropertiesBinder.bind(ConfigurationPropertiesBinder.java:96)
	at org.springframework.boot.context.properties.ConfigurationPropertiesBindingPostProcessor.bind(ConfigurationPropertiesBindingPostProcessor.java:101)
	... 245 common frames omitted
Caused by: org.springframework.core.convert.ConversionFailedException: Failed to convert from type [java.lang.String] to type [tools.jackson.databind.SerializationFeature] for value [WRITE_DATES_AS_TIMESTAMPS]
	at org.springframework.core.convert.support.ConversionUtils.invokeConverter(ConversionUtils.java:47)
	at org.springframework.core.convert.support.GenericConversionService.convert(GenericConversionService.java:181)
	at org.springframework.boot.context.properties.bind.BindConverter.convert(BindConverter.java:113)
	at org.springframework.boot.context.properties.bind.BindConverter.convert(BindConverter.java:104)
	at org.springframework.boot.context.properties.bind.MapBinder$EntryBinder.bindEntries(MapBinder.java:184)
	at org.springframework.boot.context.properties.bind.MapBinder.bindAggregate(MapBinder.java:76)
	at org.springframework.boot.context.properties.bind.AggregateBinder.bind(AggregateBinder.java:59)
	at org.springframework.boot.context.properties.bind.Binder.lambda$bindAggregate$2(Binder.java:469)
	at org.springframework.boot.context.properties.bind.Binder$Context.withIncreasedDepth(Binder.java:632)
	at org.springframework.boot.context.properties.bind.Binder.bindAggregate(Binder.java:470)
	at org.springframework.boot.context.properties.bind.Binder.bindObject(Binder.java:430)
	at org.springframework.boot.context.properties.bind.Binder.bind(Binder.java:373)
	... 262 common frames omitted
Caused by: java.lang.IllegalArgumentException: No enum constant tools.jackson.databind.SerializationFeature.WRITE_DATES_AS_TIMESTAMPS
	at org.springframework.boot.convert.LenientObjectToEnumConverterFactory$LenientToEnumConverter.findEnum(LenientObjectToEnumConverterFactory.java:95)
	at org.springframework.boot.convert.LenientObjectToEnumConverterFactory$LenientToEnumConverter.convert(LenientObjectToEnumConverterFactory.java:82)
	at org.springframework.boot.convert.LenientObjectToEnumConverterFactory$LenientToEnumConverter.convert(LenientObjectToEnumConverterFactory.java:63)
	at org.springframework.core.convert.support.GenericConversionService$ConverterFactoryAdapter.convert(GenericConversionService.java:407)
	at org.springframework.core.convert.support.ConversionUtils.invokeConverter(ConversionUtils.java:41)
	... 273 common frames omitted
2026-05-16 12:30:42 [Test worker] WARN  o.s.b.t.j.DuplicateJsonObjectContextCustomizerFactory$DuplicateJsonObjectContextCustomizer - 

Found multiple occurrences of org.json.JSONObject on the class path:

	jar:file:/C:/Users/Manjunath/.gradle/caches/modules-2/files-2.1/org.json/json/20180130/26ba2ec0e791a32ea5dfbedfcebf36447ee5b12c/json-20180130.jar!/org/json/JSONObject.class
	jar:file:/C:/Users/Manjunath/.gradle/caches/modules-2/files-2.1/com.vaadin.external.google/android-json/0.0.20131108.vaadin1/fa26d351fe62a6a17f5cda1287c1c6110dec413f/android-json-0.0.20131108.vaadin1.jar!/org/json/JSONObject.class

You may wish to exclude one of them to ensure predictable runtime behavior

2026-05-16 12:30:42 [Test worker] INFO  c.p.d.DrockleyApplicationTests - Starting DrockleyApplicationTests using Java 25.0.2 with PID 12756 (started by Manjunath in C:\Users\Manjunath\OneDrive\Desktop\drockley)
2026-05-16 12:30:42 [Test worker] DEBUG c.p.d.DrockleyApplicationTests - Running with Spring Boot v4.0.6, Spring v7.0.7
2026-05-16 12:30:42 [Test worker] INFO  c.p.d.DrockleyApplicationTests - No active profile set, falling back to 1 default profile: "default"
2026-05-16 12:30:42 [Test worker] DEBUG o.s.w.c.s.GenericWebApplicationContext - Refreshing org.springframework.web.context.support.GenericWebApplicationContext@340a8894
2026-05-16 12:30:48 [Test worker] INFO  o.s.d.r.c.RepositoryConfigurationDelegate - Bootstrapping Spring Data JPA repositories in DEFAULT mode.
2026-05-16 12:30:48 [Test worker] INFO  o.s.d.r.c.RepositoryConfigurationDelegate - Finished Spring Data repository scanning in 431 ms. Found 8 JPA repository interfaces.
2026-05-16 12:30:50 [Test worker] INFO  org.hibernate.orm.jpa - HHH008540: Processing PersistenceUnitInfo [name: default]
2026-05-16 12:30:51 [Test worker] INFO  org.hibernate.orm.core - HHH000001: Hibernate ORM core version 7.2.12.Final
2026-05-16 12:30:52 [Test worker] INFO  o.s.o.j.p.SpringPersistenceUnitInfo - No LoadTimeWeaver setup: ignoring JPA class transformer
2026-05-16 12:30:53 [Test worker] INFO  com.zaxxer.hikari.HikariDataSource - HikariPool-1 - Starting...
2026-05-16 12:30:53 [Test worker] INFO  com.zaxxer.hikari.pool.HikariPool - HikariPool-1 - Added connection conn0: url=jdbc:h2:mem:drockley_test user=SA
2026-05-16 12:30:53 [Test worker] INFO  com.zaxxer.hikari.HikariDataSource - HikariPool-1 - Start completed.
2026-05-16 12:30:54 [Test worker] WARN  org.hibernate.orm.core - HHH000511: The 2.4.240 version for [org.hibernate.dialect.PostgreSQLDialect] is no longer supported, hence certain features may not work properly.The minimum supported version is 13.0.0. Check the community dialects project for available legacy versions.
2026-05-16 12:30:54 [Test worker] WARN  org.hibernate.orm.deprecation - HHH90000025: PostgreSQLDialect does not need to be specified explicitly using 'hibernate.dialect' (remove the property setting and it will be selected by default)
2026-05-16 12:30:54 [Test worker] INFO  o.hibernate.orm.connections.pooling - HHH10001005: Database info:
	Database JDBC URL [jdbc:h2:mem:drockley_test]
	Database driver: H2 JDBC Driver
	Database dialect: PostgreSQLDialect
	Database version: 2.4.240
	Default catalog/schema: DROCKLEY_TEST/PUBLIC
	Autocommit mode: undefined/unknown
	Isolation level: READ_COMMITTED [default READ_COMMITTED]
	JDBC fetch size: 100
	Pool: DataSourceConnectionProvider
	Minimum pool size: undefined/unknown
	Maximum pool size: undefined/unknown
2026-05-16 12:30:58 [Test worker] INFO  org.hibernate.orm.core - HHH000489: No JTA platform available (set 'hibernate.transaction.jta.platform' to enable JTA platform integration)
2026-05-16 12:30:58 [Test worker] INFO  org.hibernate.orm.jdbc.batch - HHH100501: Automatic JDBC statement batching enabled (maximum batch size 20)
2026-05-16 12:30:58 [Test worker] DEBUG org.hibernate.SQL - 
    set client_min_messages = WARNING
2026-05-16 12:30:58 [Test worker] DEBUG org.hibernate.SQL - 
    alter table if exists availability_slots 
       drop constraint if exists FKn2vpqvod7y41or1ixoyog2nk2
2026-05-16 12:30:58 [Test worker] DEBUG org.hibernate.SQL - 
    alter table if exists bookings 
       drop constraint if exists FKjwwpjbjcfyovdvkw8mv7n6tre
2026-05-16 12:30:58 [Test worker] DEBUG org.hibernate.SQL - 
    alter table if exists bookings 
       drop constraint if exists FKescitlbli6inbb45u6c0ytb4t
2026-05-16 12:30:58 [Test worker] DEBUG org.hibernate.SQL - 
    alter table if exists bookings 
       drop constraint if exists FKeyog2oic85xg7hsu2je2lx3s6
2026-05-16 12:30:58 [Test worker] DEBUG org.hibernate.SQL - 
    alter table if exists expert_expertise 
       drop constraint if exists FKrh70nqipdmx0hcpx12w5u5fqt
2026-05-16 12:30:58 [Test worker] DEBUG org.hibernate.SQL - 
    alter table if exists expert_expertise 
       drop constraint if exists FK9fnutiag6ajxgq86yfttxxle6
2026-05-16 12:30:58 [Test worker] DEBUG org.hibernate.SQL - 
    alter table if exists expert_profiles 
       drop constraint if exists FKkks225ifqx1dyudon32afq4h7
2026-05-16 12:30:58 [Test worker] DEBUG org.hibernate.SQL - 
    alter table if exists payments 
       drop constraint if exists FKc52o2b1jkxttngufqp3t7jr3h
2026-05-16 12:30:58 [Test worker] DEBUG org.hibernate.SQL - 
    alter table if exists reviews 
       drop constraint if exists FK28an517hrxtt2bsg93uefugrm
2026-05-16 12:30:58 [Test worker] DEBUG org.hibernate.SQL - 
    alter table if exists reviews 
       drop constraint if exists FKnd3ibfyntxumbd6wkmuufeogf
2026-05-16 12:30:58 [Test worker] DEBUG org.hibernate.SQL - 
    alter table if exists reviews 
       drop constraint if exists FKd1isgfajhtdl8mgg29up6mofi
2026-05-16 12:30:58 [Test worker] DEBUG org.hibernate.SQL - 
    alter table if exists sessions 
       drop constraint if exists FK9sv19evftr9scoo1vdo2xu6vn
2026-05-16 12:30:58 [Test worker] DEBUG org.hibernate.SQL - 
    drop table if exists availability_slots cascade
2026-05-16 12:30:58 [Test worker] DEBUG org.hibernate.SQL - 
    drop table if exists bookings cascade
2026-05-16 12:30:58 [Test worker] DEBUG org.hibernate.SQL - 
    drop table if exists expert_expertise cascade
2026-05-16 12:30:58 [Test worker] DEBUG org.hibernate.SQL - 
    drop table if exists expert_profiles cascade
2026-05-16 12:30:58 [Test worker] DEBUG org.hibernate.SQL - 
    drop table if exists expertises cascade
2026-05-16 12:30:58 [Test worker] DEBUG org.hibernate.SQL - 
    drop table if exists payments cascade
2026-05-16 12:30:58 [Test worker] DEBUG org.hibernate.SQL - 
    drop table if exists reviews cascade
2026-05-16 12:30:58 [Test worker] DEBUG org.hibernate.SQL - 
    drop table if exists sessions cascade
2026-05-16 12:30:58 [Test worker] DEBUG org.hibernate.SQL - 
    drop table if exists users cascade
2026-05-16 12:30:58 [Test worker] DEBUG org.hibernate.SQL - 
    create table availability_slots (
        booked boolean not null,
        created_at timestamp(6),
        end_time timestamp(6) not null,
        start_time timestamp(6) not null,
        expert_profile_id uuid not null,
        id uuid not null,
        timezone varchar(50),
        primary key (id)
    )
2026-05-16 12:30:59 [Test worker] DEBUG org.hibernate.SQL - 
    create table bookings (
        amount numeric(10,2) not null,
        booking_time timestamp(6),
        created_at timestamp(6),
        availability_slot_id uuid not null unique,
        expert_profile_id uuid not null,
        id uuid not null,
        user_id uuid not null,
        booking_status varchar(255) not null check ((booking_status in ('PENDING','CONFIRMED','CANCELLED','COMPLETED','FAILED'))),
        payment_status varchar(255) not null check ((payment_status in ('INITIATED','SUCCESS','FAILED','REFUNDED'))),
        primary key (id)
    )
2026-05-16 12:30:59 [Test worker] DEBUG org.hibernate.SQL - 
    create table expert_expertise (
        expert_id uuid not null,
        expertise_id uuid not null,
        primary key (expert_id, expertise_id)
    )
2026-05-16 12:30:59 [Test worker] DEBUG org.hibernate.SQL - 
    create table expert_profiles (
        avg_rating float(53) not null,
        experience_years integer not null check ((experience_years>=0)),
        hourly_rate numeric(10,2) not null,
        total_sessions integer not null,
        created_at timestamp(6),
        updated_at timestamp(6),
        id uuid not null,
        user_id uuid not null unique,
        bio TEXT not null,
        headline varchar(255) not null,
        linkedin_url varchar(255),
        verification_status varchar(255) not null check ((verification_status in ('PENDING','VERIFIED','REJECTED'))),
        primary key (id)
    )
2026-05-16 12:30:59 [Test worker] DEBUG org.hibernate.SQL - 
    create table expertises (
        id uuid not null,
        category varchar(100) not null,
        name varchar(100) not null,
        primary key (id),
        unique (name, category)
    )
2026-05-16 12:30:59 [Test worker] DEBUG org.hibernate.SQL - 
    create table payments (
        amount numeric(10,2) not null,
        currency varchar(3),
        created_at timestamp(6),
        paid_at timestamp(6),
        booking_id uuid not null unique,
        id uuid not null,
        payment_gateway varchar(50),
        transaction_id varchar(100),
        payment_status varchar(255) not null check ((payment_status in ('INITIATED','SUCCESS','FAILED','REFUNDED'))),
        primary key (id)
    )
2026-05-16 12:30:59 [Test worker] DEBUG org.hibernate.SQL - 
    create table reviews (
        rating integer not null check ((rating<=5) and (rating>=1)),
        created_at timestamp(6),
        booking_id uuid not null unique,
        expert_profile_id uuid not null,
        id uuid not null,
        reviewer_id uuid not null,
        comment TEXT,
        primary key (id)
    )
2026-05-16 12:30:59 [Test worker] DEBUG org.hibernate.SQL - 
    create table sessions (
        end_time timestamp(6),
        start_time timestamp(6),
        booking_id uuid not null unique,
        id uuid not null,
        meeting_link varchar(500),
        recording_url varchar(500),
        session_status varchar(255) not null check ((session_status in ('SCHEDULED','ONGOING','COMPLETED','CANCELLED'))),
        primary key (id)
    )
2026-05-16 12:30:59 [Test worker] DEBUG org.hibernate.SQL - 
    create table users (
        email_verified boolean not null,
        created_at timestamp(6),
        last_login_at timestamp(6),
        updated_at timestamp(6),
        id uuid not null,
        phone_number varchar(20) not null,
        first_name varchar(100) not null,
        last_name varchar(100),
        email varchar(255) not null unique,
        password varchar(255) not null,
        profile_picture_url varchar(255),
        role varchar(255) not null check ((role in ('ROLE_USER','ROLE_EXPERT','ROLE_ADMIN'))),
        status varchar(255) not null check ((status in ('ACTIVE','INACTIVE','BLOCKED','DELETED'))),
        primary key (id)
    )
2026-05-16 12:30:59 [Test worker] DEBUG org.hibernate.SQL - 
    create index idx_slot_expert 
       on availability_slots (expert_profile_id)
2026-05-16 12:30:59 [Test worker] DEBUG org.hibernate.SQL - 
    create index idx_slot_start_time 
       on availability_slots (start_time)
2026-05-16 12:30:59 [Test worker] DEBUG org.hibernate.SQL - 
    create index idx_slot_booked 
       on availability_slots (booked)
2026-05-16 12:30:59 [Test worker] DEBUG org.hibernate.SQL - 
    create index idx_booking_user 
       on bookings (user_id)
2026-05-16 12:30:59 [Test worker] DEBUG org.hibernate.SQL - 
    create index idx_booking_expert 
       on bookings (expert_profile_id)
2026-05-16 12:30:59 [Test worker] DEBUG org.hibernate.SQL - 
    create index idx_booking_status 
       on bookings (booking_status)
2026-05-16 12:30:59 [Test worker] DEBUG org.hibernate.SQL - 
    create index idx_expert_user 
       on expert_profiles (user_id)
2026-05-16 12:30:59 [Test worker] DEBUG org.hibernate.SQL - 
    create index idx_expert_verification 
       on expert_profiles (verification_status)
2026-05-16 12:30:59 [Test worker] DEBUG org.hibernate.SQL - 
    create index idx_expert_rating 
       on expert_profiles (avg_rating)
2026-05-16 12:30:59 [Test worker] DEBUG org.hibernate.SQL - 
    create index idx_expertise_category 
       on expertises (category)
2026-05-16 12:30:59 [Test worker] DEBUG org.hibernate.SQL - 
    create index idx_payment_booking 
       on payments (booking_id)
2026-05-16 12:30:59 [Test worker] DEBUG org.hibernate.SQL - 
    create index idx_payment_status 
       on payments (payment_status)
2026-05-16 12:30:59 [Test worker] DEBUG org.hibernate.SQL - 
    create index idx_review_booking 
       on reviews (booking_id)
2026-05-16 12:30:59 [Test worker] DEBUG org.hibernate.SQL - 
    create index idx_review_expert 
       on reviews (expert_profile_id)
2026-05-16 12:30:59 [Test worker] DEBUG org.hibernate.SQL - 
    create index idx_review_reviewer 
       on reviews (reviewer_id)
2026-05-16 12:30:59 [Test worker] DEBUG org.hibernate.SQL - 
    create index idx_session_booking 
       on sessions (booking_id)
2026-05-16 12:30:59 [Test worker] DEBUG org.hibernate.SQL - 
    create index idx_session_status 
       on sessions (session_status)
2026-05-16 12:30:59 [Test worker] DEBUG org.hibernate.SQL - 
    create index idx_user_email 
       on users (email)
2026-05-16 12:30:59 [Test worker] DEBUG org.hibernate.SQL - 
    create index idx_user_status 
       on users (status)
2026-05-16 12:30:59 [Test worker] DEBUG org.hibernate.SQL - 
    alter table if exists availability_slots 
       add constraint FKn2vpqvod7y41or1ixoyog2nk2 
       foreign key (expert_profile_id) 
       references expert_profiles
2026-05-16 12:30:59 [Test worker] DEBUG org.hibernate.SQL - 
    alter table if exists bookings 
       add constraint FKjwwpjbjcfyovdvkw8mv7n6tre 
       foreign key (availability_slot_id) 
       references availability_slots
2026-05-16 12:30:59 [Test worker] DEBUG org.hibernate.SQL - 
    alter table if exists bookings 
       add constraint FKescitlbli6inbb45u6c0ytb4t 
       foreign key (expert_profile_id) 
       references expert_profiles
2026-05-16 12:30:59 [Test worker] DEBUG org.hibernate.SQL - 
    alter table if exists bookings 
       add constraint FKeyog2oic85xg7hsu2je2lx3s6 
       foreign key (user_id) 
       references users
2026-05-16 12:30:59 [Test worker] DEBUG org.hibernate.SQL - 
    alter table if exists expert_expertise 
       add constraint FKrh70nqipdmx0hcpx12w5u5fqt 
       foreign key (expertise_id) 
       references expertises
2026-05-16 12:30:59 [Test worker] DEBUG org.hibernate.SQL - 
    alter table if exists expert_expertise 
       add constraint FK9fnutiag6ajxgq86yfttxxle6 
       foreign key (expert_id) 
       references expert_profiles
2026-05-16 12:30:59 [Test worker] DEBUG org.hibernate.SQL - 
    alter table if exists expert_profiles 
       add constraint FKkks225ifqx1dyudon32afq4h7 
       foreign key (user_id) 
       references users
2026-05-16 12:30:59 [Test worker] DEBUG org.hibernate.SQL - 
    alter table if exists payments 
       add constraint FKc52o2b1jkxttngufqp3t7jr3h 
       foreign key (booking_id) 
       references bookings
2026-05-16 12:30:59 [Test worker] DEBUG org.hibernate.SQL - 
    alter table if exists reviews 
       add constraint FK28an517hrxtt2bsg93uefugrm 
       foreign key (booking_id) 
       references bookings
2026-05-16 12:30:59 [Test worker] DEBUG org.hibernate.SQL - 
    alter table if exists reviews 
       add constraint FKnd3ibfyntxumbd6wkmuufeogf 
       foreign key (expert_profile_id) 
       references expert_profiles
2026-05-16 12:30:59 [Test worker] DEBUG org.hibernate.SQL - 
    alter table if exists reviews 
       add constraint FKd1isgfajhtdl8mgg29up6mofi 
       foreign key (reviewer_id) 
       references users
2026-05-16 12:30:59 [Test worker] DEBUG org.hibernate.SQL - 
    alter table if exists sessions 
       add constraint FK9sv19evftr9scoo1vdo2xu6vn 
       foreign key (booking_id) 
       references bookings
2026-05-16 12:30:59 [Test worker] INFO  o.s.o.j.LocalContainerEntityManagerFactoryBean - Initialized JPA EntityManagerFactory for persistence unit 'default'
2026-05-16 12:30:59 [Test worker] INFO  o.s.d.j.r.q.QueryEnhancerFactories - Hibernate is in classpath; If applicable, HQL parser will be used.
2026-05-16 12:31:01 [Test worker] INFO  o.s.s.c.a.a.c.InitializeUserDetailsBeanManagerConfigurer$InitializeUserDetailsManagerConfigurer - Global AuthenticationManager configured with UserDetailsService bean with name customUserDetailsService
2026-05-16 12:31:06 [Test worker] WARN  o.s.b.j.a.JpaBaseConfiguration$JpaWebConfiguration - spring.jpa.open-in-view is enabled by default. Therefore, database queries may be performed during view rendering. Explicitly configure spring.jpa.open-in-view to disable this warning
2026-05-16 12:31:07 [Test worker] DEBUG o.s.s.web.DefaultSecurityFilterChain - Will secure any request with filters: DisableEncodeUrlFilter, WebAsyncManagerIntegrationFilter, SecurityContextHolderFilter, HeaderWriterFilter, LogoutFilter, JwtAuthenticationFilter, RequestCacheAwareFilter, SecurityContextHolderAwareRequestFilter, AnonymousAuthenticationFilter, SessionManagementFilter, ExceptionTranslationFilter, AuthorizationFilter
2026-05-16 12:31:07 [Test worker] DEBUG o.s.w.s.m.m.a.RequestMappingHandlerMapping - 41 mappings in 'requestMappingHandlerMapping'
2026-05-16 12:31:07 [Test worker] DEBUG o.s.w.s.h.SimpleUrlHandlerMapping - Patterns [/webjars/**, /**, /swagger-ui*/*swagger-initializer.js, /swagger-ui*/**] in 'resourceHandlerMapping'
2026-05-16 12:31:08 [Test worker] DEBUG o.s.w.s.m.m.a.RequestMappingHandlerAdapter - ControllerAdvice beans: 0 @ModelAttribute, 0 @InitBinder, 2 RequestBodyAdvice, 1 ResponseBodyAdvice
2026-05-16 12:31:08 [Test worker] DEBUG o.s.w.s.m.m.a.ExceptionHandlerExceptionResolver - ControllerAdvice beans: 2 @ExceptionHandler, 1 ResponseBodyAdvice
2026-05-16 12:31:08 [Test worker] INFO  c.p.d.DrockleyApplicationTests - Started DrockleyApplicationTests in 29.075 seconds (process running for 38.194)
2026-05-16 12:31:09 [SpringApplicationShutdownHook] DEBUG o.s.w.c.s.GenericWebApplicationContext - Closing org.springframework.web.context.support.GenericWebApplicationContext@340a8894, started on Sat May 16 12:30:42 IST 2026
2026-05-16 12:31:09 [SpringApplicationShutdownHook] INFO  o.s.o.j.LocalContainerEntityManagerFactoryBean - Closing JPA EntityManagerFactory for persistence unit 'default'
2026-05-16 12:31:09 [SpringApplicationShutdownHook] DEBUG org.hibernate.SQL - 
    set client_min_messages = WARNING
2026-05-16 12:31:09 [SpringApplicationShutdownHook] DEBUG org.hibernate.SQL - 
    alter table if exists availability_slots 
       drop constraint if exists FKn2vpqvod7y41or1ixoyog2nk2
2026-05-16 12:31:09 [SpringApplicationShutdownHook] DEBUG org.hibernate.SQL - 
    alter table if exists bookings 
       drop constraint if exists FKjwwpjbjcfyovdvkw8mv7n6tre
2026-05-16 12:31:09 [SpringApplicationShutdownHook] DEBUG org.hibernate.SQL - 
    alter table if exists bookings 
       drop constraint if exists FKescitlbli6inbb45u6c0ytb4t
2026-05-16 12:31:09 [SpringApplicationShutdownHook] DEBUG org.hibernate.SQL - 
    alter table if exists bookings 
       drop constraint if exists FKeyog2oic85xg7hsu2je2lx3s6
2026-05-16 12:31:09 [SpringApplicationShutdownHook] DEBUG org.hibernate.SQL - 
    alter table if exists expert_expertise 
       drop constraint if exists FKrh70nqipdmx0hcpx12w5u5fqt
2026-05-16 12:31:09 [SpringApplicationShutdownHook] DEBUG org.hibernate.SQL - 
    alter table if exists expert_expertise 
       drop constraint if exists FK9fnutiag6ajxgq86yfttxxle6
2026-05-16 12:31:09 [SpringApplicationShutdownHook] DEBUG org.hibernate.SQL - 
    alter table if exists expert_profiles 
       drop constraint if exists FKkks225ifqx1dyudon32afq4h7
2026-05-16 12:31:09 [SpringApplicationShutdownHook] DEBUG org.hibernate.SQL - 
    alter table if exists payments 
       drop constraint if exists FKc52o2b1jkxttngufqp3t7jr3h
2026-05-16 12:31:09 [SpringApplicationShutdownHook] DEBUG org.hibernate.SQL - 
    alter table if exists reviews 
       drop constraint if exists FK28an517hrxtt2bsg93uefugrm
2026-05-16 12:31:09 [SpringApplicationShutdownHook] DEBUG org.hibernate.SQL - 
    alter table if exists reviews 
       drop constraint if exists FKnd3ibfyntxumbd6wkmuufeogf
2026-05-16 12:31:09 [SpringApplicationShutdownHook] DEBUG org.hibernate.SQL - 
    alter table if exists reviews 
       drop constraint if exists FKd1isgfajhtdl8mgg29up6mofi
2026-05-16 12:31:09 [SpringApplicationShutdownHook] DEBUG org.hibernate.SQL - 
    alter table if exists sessions 
       drop constraint if exists FK9sv19evftr9scoo1vdo2xu6vn
2026-05-16 12:31:09 [SpringApplicationShutdownHook] DEBUG org.hibernate.SQL - 
    drop table if exists availability_slots cascade
2026-05-16 12:31:09 [SpringApplicationShutdownHook] DEBUG org.hibernate.SQL - 
    drop table if exists bookings cascade
2026-05-16 12:31:09 [SpringApplicationShutdownHook] DEBUG org.hibernate.SQL - 
    drop table if exists expert_expertise cascade
2026-05-16 12:31:09 [SpringApplicationShutdownHook] DEBUG org.hibernate.SQL - 
    drop table if exists expert_profiles cascade
2026-05-16 12:31:09 [SpringApplicationShutdownHook] DEBUG org.hibernate.SQL - 
    drop table if exists expertises cascade
2026-05-16 12:31:09 [SpringApplicationShutdownHook] DEBUG org.hibernate.SQL - 
    drop table if exists payments cascade
2026-05-16 12:31:09 [SpringApplicationShutdownHook] DEBUG org.hibernate.SQL - 
    drop table if exists reviews cascade
2026-05-16 12:31:09 [SpringApplicationShutdownHook] DEBUG org.hibernate.SQL - 
    drop table if exists sessions cascade
2026-05-16 12:31:09 [SpringApplicationShutdownHook] DEBUG org.hibernate.SQL - 
    drop table if exists users cascade
2026-05-16 12:31:09 [SpringApplicationShutdownHook] INFO  com.zaxxer.hikari.HikariDataSource - HikariPool-1 - Shutdown initiated...
2026-05-16 12:31:09 [SpringApplicationShutdownHook] INFO  com.zaxxer.hikari.HikariDataSource - HikariPool-1 - Shutdown completed.
